column,psi,psi_null_q99,p_perm,null_share_ref,null_share_cur,null_share_delta,psi_excl_null,top_bucket,note,p_perm_bh,psi_over_null
M1,,,,0.68600087656387,0.282380245634656,-0.403620630929214,,,constant,,
V107,,,,0,0.000747064038329366,0.000747064038329366,,,constant,,
client_m1_mean_prior,,,,0.803181528408638,0.441694142021854,-0.361487386386784,,,constant,,
D3n,2.78925655784699,0.000445995390458184,0.00497512437810945,0.566061040720376,0.380863207594155,-0.185197833126221,5.23102320220284,"[17, Inf)","",0.00497512437810945,6254.00310747945
D1n,2.6918732511286,0.000397249465929513,0.00497512437810945,0,0.000408395007620053,0.000408395007620053,2.68987981607939,"[20, Inf)","",0.00497512437810945,6776.27909412027
D10n,2.09999610180478,0.000420046152591515,0.00497512437810945,0.309417085026695,0.0814797844471228,-0.227937300579573,2.18185321255905,"[19, Inf)","",0.00497512437810945,4999.4413443586
D5n,2.04569875080582,0.000437823904264461,0.00497512437810945,0.653189497171089,0.471985098562649,-0.181204398608441,4.52364906216111,"[18, Inf)","",0.00497512437810945,4672.42361798992
D15n,1.77674040924948,0.000500190205099949,0.00497512437810945,0.340475336680214,0.094966780552429,-0.245508556127785,1.79470845659418,"[19, Inf)","",0.00497512437810945,3552.12955218594
D11n,1.67806072445285,0.000407578127473421,0.00497512437810945,0.712447206948761,0.283854452003626,-0.428592754945135,1.86424467451807,"[18, Inf)","",0.00497512437810945,4117.15107200467
id_31,1.38277774928519,0.000770579816209974,0.00497512437810945,0.596920073312615,0.801808891058142,0.204888817745527,3.69830752427249,chrome 63.0,"",0.00497512437810945,1794.46401293801
client_m9_mean_prior,1.04028346772258,0.000395375941561721,0.00497512437810945,0.887102557972747,0.469186098632375,-0.417916459340372,0.327722012598304,               1,"",0.00497512437810945,2631.12485704997
M9,0.960409579421479,0.000157752955510486,0.00497512437810945,0.840007171886206,0.38724811490841,-0.452759056977796,0.00469978485532653,               1,"",0.00497512437810945,6088.06076763258
M8,0.959567728202421,0.000216765284469542,0.00497512437810945,0.840007171886206,0.38724811490841,-0.452759056977796,0.00258789184436143,               0,"",0.00497512437810945,4426.75925045207
M7,0.958626847284562,0.000202638787140479,0.00497512437810945,0.840007171886206,0.387287958323788,-0.452719213562419,0.000563495614044693,               0,"",0.00497512437810945,4730.71745450191
V152,0.953468814782142,0.000192942879599592,0.00497512437810945,0.683341302095785,0.893628041795743,0.210286739699958,2.76800304054688,"[65, Inf)","",0.00497512437810945,4941.71547952868
client_m7_mean_prior,0.949328221345847,0.000454802506583515,0.00497512437810945,0.887102557972747,0.469245863755441,-0.417856694217306,0.0990334993335058,               0,"",0.00497512437810945,2087.3416650168
client_m8_mean_prior,0.914947772220723,0.000212045718344786,0.00497512437810945,0.887102557972747,0.469186098632375,-0.417916459340372,0.00571731866679154,"[-Inf, 0.25)","",0.00497512437810945,4314.86086756546
client_d3n_std_prior,0.911629884347768,0.000381905771176546,0.00497512437810945,0.896346322416129,0.604952536531432,-0.291393785884697,1.54256696603201,"[21.8774982, Inf)","",0.00497512437810945,2387.05448608249
V151,0.898956490409386,0.000258998195611808,0.00497512437810945,0.683341302095785,0.893628041795743,0.210286739699958,2.58994191665584,"[50, 53)","",0.00497512437810945,3470.89866122759
device_txn_count_24h,0.889810204348668,0.000401561250548579,0.00497512437810945,0.634970914017053,0.833205502375664,0.19823458835861,2.39463134350641,"[1157, Inf)","",0.00497512437810945,2215.87666422765
V145,0.886208983470062,0.000263197840330479,0.00497512437810945,0.683341302095785,0.893628041795743,0.210286739699958,2.56811982252828,"[142, 236)","",0.00497512437810945,3367.08303668948
V150,0.840717113147019,0.000279079358192863,0.00497512437810945,0.683341302095785,0.893628041795743,0.210286739699958,2.34923337173866,"[2100, 3012)","",0.00497512437810945,3012.46612644862
V159,0.840223259145894,0.000239541910774854,0.00497512437810945,0.683341302095785,0.893628041795743,0.210286739699958,2.34719077740596,"[22290.37, 27539.29)","",0.00497512437810945,3507.62526869723
V160,0.840223259145894,0.000167267117094007,0.00497512437810945,0.683341302095785,0.893628041795743,0.210286739699958,2.34719077740596,"[293460.7, 493679.5)","",0.00497512437810945,5023.24230693637
D11,0.828198121336,0.000341096561625173,0.00497512437810945,0.712447206948761,0.283854452003626,-0.428592754945135,0.0827773481264265,__null__,"",0.00497512437810945,2428.04593922028
client_d11n_std_prior,0.816726239035501,0.000335169597184167,0.00497512437810945,0.924655351023986,0.566384110445947,-0.358271240578039,0.0546145140275734,"[-Inf, 0.5000000)","",0.00497512437810945,2436.75514097041
V2,0.801016265971553,0.000394685954643759,0.00497512437810945,0.712447206948761,0.283854452003626,-0.428592754945135,0.0293792340253829,__null__,"",0.00497512437810945,2029.50284028867
V3,0.799893423877493,0.000365550589314683,0.00497512437810945,0.712447206948761,0.283854452003626,-0.428592754945135,0.0276718520553443,__null__,"",0.00497512437810945,2188.18802994435
V8,0.796849510699302,0.000448481132030916,0.00497512437810945,0.712447206948761,0.283854452003626,-0.428592754945135,0.0213184496127029,__null__,"",0.00497512437810945,1776.77376769637
V6,0.796821884728354,0.000445483829157785,0.00497512437810945,0.712447206948761,0.283854452003626,-0.428592754945135,0.0216423517249336,__null__,"",0.00497512437810945,1788.66623786277
V7,0.795666525222712,0.000389559689677869,0.00497512437810945,0.712447206948761,0.283854452003626,-0.428592754945135,0.0196903373928504,__null__,"",0.00497512437810945,2042.4765351894
V9,0.795252686444922,0.000438145739888816,0.00497512437810945,0.712447206948761,0.283854452003626,-0.428592754945135,0.0187772352763254,__null__,"",0.00497512437810945,1815.0414669026
V4,0.795043003942128,0.000319373351343683,0.00497512437810945,0.712447206948761,0.283854452003626,-0.428592754945135,0.0183621995735356,__null__,"",0.00497512437810945,2489.38429144819
null_count_V_block,0.794283153461078,0.00042727965819374,0.00497512437810945,0,0,0,0.794283153461078,"[159, 170)","",0.00497512437810945,1858.93041765384
V5,0.791535718220498,0.000370320091560055,0.00497512437810945,0.712447206948761,0.283854452003626,-0.428592754945135,0.0118949400620389,__null__,"",0.00497512437810945,2137.43660217295
D2n,0.791228796076936,0.000390220957162479,0.00497512437810945,0.576470236672245,0.418176566095246,-0.158293670576999,1.34918726888218,"[8, Inf)","",0.00497512437810945,2027.64300982299
V10,0.786967714688592,0.000278766845895876,0.00497512437810945,0.712447206948761,0.283854452003626,-0.428592754945135,0.0028590713900524,__null__,"",0.00497512437810945,2823.03195761858
V11,0.786886649279612,0.000309354730795423,0.00497512437810945,0.712447206948761,0.283854452003626,-0.428592754945135,0.0027599226369909,__null__,"",0.00497512437810945,2543.63864828038
V1,0.785659776548993,0.000262002341483295,0.00497512437810945,0.712447206948761,0.283854452003626,-0.428592754945135,0.000401750807054713,__null__,"",0.00497512437810945,2998.67463817718
id_31_freq,0.783137338688302,0.000392370969876475,0.00497512437810945,0.596949956171807,0.882173059874693,0.285223103702886,1.03716220690837,"[7138, 7469)","",0.00497512437810945,1995.91050004246
V144,0.782706630379822,0.000238359248836499,0.00497512437810945,0.683341302095785,0.893628041795743,0.210286739699958,1.99532351222314,"[38, Inf)","",0.00497512437810945,3283.72670328691
client_d5n_std_prior,0.737335758192447,0.000487104028375506,0.00497512437810945,0.918360028687545,0.661759286005997,-0.256600742681548,1.39083976504904,"[29.6984848, 92.9845417)","",0.00497512437810945,1513.71311925189
M2,0.69373461793926,0.000177619423182935,0.00497512437810945,0.68600087656387,0.282380245634656,-0.403620630929214,0.00356848336540471,__null__,"",0.00497512437810945,3905.73623935691
M3,0.6918761860385,0.000162654657934549,0.00497512437810945,0.68600087656387,0.282380245634656,-0.403620630929214,3.78488452051099e-07,__null__,"",0.00497512437810945,4253.65123153685
id_13,0.689204760925789,0.000192542331792991,0.00497512437810945,0.660122320503626,0.806888926518781,0.146766606015155,1.87090866703734,"[49, 52)","",0.00497512437810945,3579.49732148658
client_m3_mean_prior,0.621738908116227,0.000219708259937387,0.00497512437810945,0.803181528408638,0.441694142021854,-0.361487386386784,0.0730858706612041,__null__,"",0.00497512437810945,2829.8385699901
seconds_since_prev_txn_client,0.597485427528317,0.000407871159276146,0.00497512437810945,0.617150768985577,0.373263076110884,-0.243887692874692,0.685564335678977,"[673394.2, Inf)","",0.00497512437810945,1464.88765861426
client_m2_mean_prior,0.594427542117271,0.000151806011325132,0.00497512437810945,0.803181528408638,0.441694142021854,-0.361487386386784,0.00369963741443359,"[0.5, Inf)","",0.00497512437810945,3915.7048981687
client_c12_mean_prior,0.575628273667591,0.000745966126238676,0.00497512437810945,0.617150768985577,0.373263076110884,-0.243887692874692,0.593463919046291,__other__,"",0.00497512437810945,771.654708465161
client_d10n_std_prior,0.575224348866697,0.000272815931057966,0.00497512437810945,0.837726113634553,0.512077535286325,-0.325648578348228,0.173752716403228,__null__,"",0.00497512437810945,2108.47052309595
client_d15n_std_prior,0.569704241406184,0.000299045442102728,0.00497512437810945,0.850087656386963,0.514328688255157,-0.335758968131806,0.0196870751655272,"[-Inf, 0.5000000)","",0.00497512437810945,1905.07582192301
client_txn_count_prior,0.53932013058109,0.000249464830561515,0.00497512437810945,0.0908040481313252,0.104071000966203,0.0132669528348776,0.595796294040743,"[4, Inf)","",0.00497512437810945,2161.90847169578
client_d2n_std_prior,0.482491678601878,0.000382538815897886,0.00497512437810945,0.899225037851622,0.618728397398225,-0.280496640453397,0.0171896594017456,               0,"",0.00497512437810945,1261.28815835168
client_c9_mean_prior,0.480713787468199,0.00030534293394182,0.00497512437810945,0.617150768985577,0.373263076110884,-0.243887692874692,0.487477052263803,"[1.0, 2.0)","",0.00497512437810945,1574.34063157261
V329,0.476796678354928,0.000769212434503164,0.00497512437810945,0.682046378197466,0.892900899465102,0.210854521267636,1.58809849685911,               0,"",0.00497512437810945,619.850456087455
V330,0.472499475882277,0.000594820496368932,0.00497512437810945,0.682046378197466,0.892900899465102,0.210854521267636,1.56692138549046,               0,"",0.00497512437810945,794.356413013067
id_38,0.471165229388989,0.000203066461557117,0.00497512437810945,0.59533628177544,0.798213022820316,0.202876741044876,0.895208851550724,               1,"",0.00497512437810945,2320.25133927132
id_30,0.463013820704075,0.000732698618846524,0.00497512437810945,0.701360666188541,0.900351618140707,0.198990951952166,0.910786852656622,iOS 11.1.2,"",0.00497512437810945,631.92943018371
D15,0.462628201512035,0.000410473579053553,0.00497512437810945,0.340475336680214,0.094966780552429,-0.245508556127785,0.0909017798279805,__null__,"",0.00497512437810945,1127.05963335993
V166,0.455731910209929,0.000256931799740315,0.00497512437810945,0.683341302095785,0.893628041795743,0.210286739699958,0.687270578454791,"[-Inf, 126.50)","",0.00497512437810945,1773.74661552421
V75,0.452716730702695,0.000279190957697498,0.00497512437810945,0.340525141445534,0.0951161933600948,-0.245408948085439,0.0794536349659264,__null__,"",0.00497512437810945,1621.53077748747
V76,0.452200234180277,0.000300565531997026,0.00497512437810945,0.340525141445534,0.0951161933600948,-0.245408948085439,0.0788559497808113,__null__,"",0.00497512437810945,1504.49797478692
V85,0.432664351735341,0.000334386257740725,0.00497512437810945,0.340525141445534,0.0951161933600948,-0.245408948085439,0.0535688124918643,__null__,"",0.00497512437810945,1293.90589989741
V12,0.428681239367419,0.000260123086860718,0.00497512437810945,0.309486811698143,0.0815495104240335,-0.22793730127411,0.0742566282362602,__null__,"",0.00497512437810945,1647.99381916052
V13,0.427810816270385,0.000334109857876543,0.00497512437810945,0.309486811698143,0.0815495104240335,-0.22793730127411,0.0732021857093965,__null__,"",0.00497512437810945,1280.44954731167
V93,0.425584869347563,0.00041670364507403,0.00497512437810945,0.340525141445534,0.0951161933600948,-0.245408948085439,0.0446133094800116,__null__,"",0.00497512437810945,1021.31304676242
client_c8_mean_prior,0.419285407205331,0.000210387929466581,0.00497512437810945,0.617150768985577,0.373263076110884,-0.243887692874692,0.366073247084666,"[-Inf, 0.6)","",0.00497512437810945,1992.9156975326
V92,0.419080837065917,0.000524047594918613,0.00497512437810945,0.340525141445534,0.0951161933600948,-0.245408948085439,0.0367178652903878,__null__,"",0.00497512437810945,799.69995307583
V81,0.418983806528084,0.000574703948280451,0.00497512437810945,0.340525141445534,0.0951161933600948,-0.245408948085439,0.0364965180747566,__null__,"",0.00497512437810945,729.042853771422
client_c10_mean_prior,0.416056487875155,0.000194743753431156,0.00497512437810945,0.617150768985577,0.373263076110884,-0.243887692874692,0.359645371717857,"[-Inf, 0.5714286)","",0.00497512437810945,2136.43046590573
V53,0.414320778458045,0.000443418459156836,0.00497512437810945,0.302643636943183,0.0870379408922933,-0.215605696050889,0.108815924968083,__null__,"",0.00497512437810945,934.378733907196
V84,0.41333800620833,0.000259981170455428,0.00497512437810945,0.340525141445534,0.0951161933600948,-0.245408948085439,0.0292910666809734,__null__,"",0.00497512437810945,1589.87670331762
V80,0.412871045014801,0.00047787496814354,0.00497512437810945,0.340525141445534,0.0951161933600948,-0.245408948085439,0.0286955594834604,__null__,"",0.00497512437810945,863.972948025993
V54,0.412014113284671,0.000361533619074944,0.00497512437810945,0.302643636943183,0.0870379408922933,-0.215605696050889,0.10597487930385,__null__,"",0.00497512437810945,1139.62876907241
V79,0.410810045359156,0.000428046348981471,0.00497512437810945,0.340525141445534,0.0951161933600948,-0.245408948085439,0.0254764595019319,__null__,"",0.00497512437810945,959.732623199966
V25,0.409852724066746,0.000331574133338483,0.00497512437810945,0.309486811698143,0.0815495104240335,-0.22793730127411,0.0521962910069351,__null__,"",0.00497512437810945,1236.08171705105
V26,0.409130862444176,0.000151409503320698,0.00497512437810945,0.309486811698143,0.0815495104240335,-0.22793730127411,0.0513979110576667,__null__,"",0.00497512437810945,2702.1478405989
V328,0.398562186238069,0.000520805577024286,0.00497512437810945,0.682046378197466,0.892900899465102,0.210854521267636,0.792602843341421,               0,"",0.00497512437810945,765.280180975257
D10,0.398111409325026,0.000385453567183291,0.00497512437810945,0.309417085026695,0.0814797844471228,-0.227937300579573,0.0358809736961569,__null__,"",0.00497512437810945,1032.83882474933
V326,0.39782192903323,0.000718263382700896,0.00497512437810945,0.682046378197466,0.892900899465102,0.210854521267636,0.68891178075407,               0,"",0.00497512437810945,553.866365200596
V94,0.396345114958518,0.000265350345546087,0.00497512437810945,0.340525141445534,0.0951161933600948,-0.245408948085439,0.00734799257741828,__null__,"",0.00497512437810945,1493.66722753967
V83,0.395497901596751,0.000393564250959086,0.00497512437810945,0.340525141445534,0.0951161933600948,-0.245408948085439,0.00576263004940438,__null__,"",0.00497512437810945,1004.91317652188
V91,0.393100784285206,0.000336636985472755,0.00497512437810945,0.340525141445534,0.0951161933600948,-0.245408948085439,0.00315359918266433,__null__,"",0.00497512437810945,1167.72904121975
V90,0.392981137577115,0.000291326690950204,0.00497512437810945,0.340525141445534,0.0951161933600948,-0.245408948085439,0.00300394874638949,__null__,"",0.00497512437810945,1348.93626222627
V89,0.392242881005322,0.000231009441839285,0.00497512437810945,0.340525141445534,0.0951161933600948,-0.245408948085439,0.00208799671945324,__null__,"",0.00497512437810945,1697.95172821641
V82,0.391445128406765,0.000494280966037262,0.00497512437810945,0.340525141445534,0.0951161933600948,-0.245408948085439,0.00105715896117506,__null__,"",0.00497512437810945,791.94861891011
V88,0.391112385779861,0.000159138226734024,0.00497512437810945,0.340525141445534,0.0951161933600948,-0.245408948085439,0.000631504471035683,__null__,"",0.00497512437810945,2457.6897317924
V86,0.39072425791487,0.000152844868214043,0.00497512437810945,0.340525141445534,0.0951161933600948,-0.245408948085439,0.000121052469498561,__null__,"",0.00497512437810945,2556.34528316452
V87,0.390682775298761,0.000130414328703611,0.00497512437810945,0.340525141445534,0.0951161933600948,-0.245408948085439,6.74950878046098e-05,__null__,"",0.00497512437810945,2995.70437683004
V77,0.390630529626014,0.000167474109412212,0.00497512437810945,0.340525141445534,0.0951161933600948,-0.245408948085439,3.09106248665719e-07,__null__,"",0.00497512437810945,2332.48309841456
V78,0.390630529626014,0.000163191603347689,0.00497512437810945,0.340525141445534,0.0951161933600948,-0.245408948085439,3.09106248665719e-07,__null__,"",0.00497512437810945,2393.6925773917
ProductCD,0.386596818789197,0.000243167755397833,0.00497512437810945,0,0,0,0.386596818789197,H,"",0.00497512437810945,1589.83586518989
V327,0.383433754759261,0.000547140900206447,0.00497512437810945,0.682046378197466,0.892900899465102,0.210854521267636,0.613804200112942,               0,"",0.00497512437810945,700.795269764304
client_c4_mean_prior,0.383420128311729,0.000208092670317283,0.00497512437810945,0.617150768985577,0.373263076110884,-0.243887692874692,0.288661710822639,"[-Inf, 0.25)","",0.00497512437810945,1842.54509169939
V19,0.38126694871928,0.000384250407214348,0.00497512437810945,0.309486811698143,0.0815495104240335,-0.22793730127411,0.0154287672744444,__null__,"",0.00497512437810945,992.235639991388
V33,0.378840717831125,0.000386127425774728,0.00497512437810945,0.309486811698143,0.0815495104240335,-0.22793730127411,0.013334331101812,__null__,"",0.00497512437810945,981.128748031864
V20,0.376579495456574,0.000208937162199359,0.00497512437810945,0.309486811698143,0.0815495104240335,-0.22793730127411,0.00942738478211266,__null__,"",0.00497512437810945,1802.35766338809
V15,0.376397086157815,0.000441492056305561,0.00497512437810945,0.309486811698143,0.0815495104240335,-0.22793730127411,0.00990918570697669,__null__,"",0.00497512437810945,852.556871141769
V31,0.375746205426636,0.00043466388556437,0.00497512437810945,0.309486811698143,0.0815495104240335,-0.22793730127411,0.00874109821461646,__null__,"",0.00497512437810945,864.452322600404
V22,0.37389360610297,0.000495121882229253,0.00497512437810945,0.309486811698143,0.0815495104240335,-0.22793730127411,0.00631464860333503,__null__,"",0.00497512437810945,755.154679125752
V21,0.372810489627929,0.000299667567807272,0.00497512437810945,0.309486811698143,0.0815495104240335,-0.22793730127411,0.00496011263339679,__null__,"",0.00497512437810945,1244.08020646298
client_m6_mean_prior,0.37193787935689,0.000287514127660277,0.00497512437810945,0.728733365208383,0.433117846861833,-0.29561551834655,0.000586912849901588,__null__,"",0.00497512437810945,1293.63340293444
V34,0.371297331289754,0.000174124522180054,0.00497512437810945,0.309486811698143,0.0815495104240335,-0.22793730127411,0.00282200660182666,__null__,"",0.00497512437810945,2132.36669161287
V30,0.370949060797069,0.000383889526663355,0.00497512437810945,0.309486811698143,0.0815495104240335,-0.22793730127411,0.00238028893651136,__null__,"",0.00497512437810945,966.29117241421
V32,0.370757314652531,0.000156394950470569,0.00497512437810945,0.309486811698143,0.0815495104240335,-0.22793730127411,0.00216305023228305,__null__,"",0.00497512437810945,2370.64760426713
V28,0.370213403757745,0.000254109940545373,0.00497512437810945,0.309486811698143,0.0815495104240335,-0.22793730127411,0.00149769953356643,__null__,"",0.00497512437810945,1456.90248466152
V29,0.370149249413214,0.000235308644207136,0.00497512437810945,0.309486811698143,0.0815495104240335,-0.22793730127411,0.00140408234282212,__null__,"",0.00497512437810945,1573.03719402412
V16,0.36992666826297,0.000177527898304281,0.00497512437810945,0.309486811698143,0.0815495104240335,-0.22793730127411,0.00112796325885711,__null__,"",0.00497512437810945,2083.76639275546
V18,0.369661042698163,0.00015005540627498,0.00497512437810945,0.309486811698143,0.0815495104240335,-0.22793730127411,0.000796782332521296,__null__,"",0.00497512437810945,2463.49699670768
V17,0.369604606368933,0.000142693050903729,0.00497512437810945,0.309486811698143,0.0815495104240335,-0.22793730127411,0.000726488018224347,__null__,"",0.00497512437810945,2590.20747000705
V27,0.369597052354066,0.000238337069755275,0.00497512437810945,0.309486811698143,0.0815495104240335,-0.22793730127411,0.000732201688573105,__null__,"",0.00497512437810945,1550.73255173259
V23,0.369358114577623,0.000190193575159039,0.00497512437810945,0.309486811698143,0.0815495104240335,-0.22793730127411,0.000425599918922046,__null__,"",0.00497512437810945,1942.01152309571
V24,0.369239352291608,0.000156460545014026,0.00497512437810945,0.309486811698143,0.0815495104240335,-0.22793730127411,0.000274974020138654,__null__,"",0.00497512437810945,2359.95184765915
V14,0.369182671438373,0.000177325981029397,0.00497512437810945,0.309486811698143,0.0815495104240335,-0.22793730127411,0.000204057514110887,__null__,"",0.00497512437810945,2081.9434878929
V335,0.368382239011301,0.000694949852190371,0.00497512437810945,0.682046378197466,0.892900899465102,0.210854521267636,0.451949235949051,               0,"",0.00497512437810945,530.084635388034
V143,0.367972754234781,0.000229419912065467,0.00497512437810945,0.683341302095785,0.893628041795743,0.210286739699958,0.317915457193952,"[16, 27)","",0.00497512437810945,1603.92683844189
V338,0.366668451295,0.000734182197826423,0.00497512437810945,0.682046378197466,0.892900899465102,0.210854521267636,0.451143390074802,               0,"",0.00497512437810945,499.424328702789
V339,0.363784899671283,0.000803319809272121,0.00497512437810945,0.682046378197466,0.892900899465102,0.210854521267636,0.438864771386939,               0,"",0.00497512437810945,452.851897180158
V336,0.363651983872706,0.000908231047573734,0.00497512437810945,0.682046378197466,0.892900899465102,0.210854521267636,0.435322290801957,               0,"",0.00497512437810945,400.395895784638
V337,0.361680816337708,0.00073087552337888,0.00497512437810945,0.682046378197466,0.892900899465102,0.210854521267636,0.430907935071062,               0,"",0.00497512437810945,494.859664564544
V67,0.360681047890612,0.000516933298520346,0.00497512437810945,0.302643636943183,0.0870379408922933,-0.215605696050889,0.0431138183251381,__null__,"",0.00497512437810945,697.732277883847
V164,0.360123427712616,0.000239437772357929,0.00497512437810945,0.683341302095785,0.893628041795743,0.210286739699958,0.294773421549184,"[-Inf, 115)","",0.00497512437810945,1504.03766359084
V66,0.359453948991319,0.00042266204868054,0.00497512437810945,0.302643636943183,0.0870379408922933,-0.215605696050889,0.0414998556015219,__null__,"",0.00497512437810945,850.452388884823
V175,0.3467139503004,0.00048705209516047,0.00497512437810945,0.603484341381783,0.79856165270487,0.195077311323086,0.774041193157168,               0,"",0.00497512437810945,711.86214728461
V165,0.345440764861539,0.000258904586324768,0.00497512437810945,0.683341302095785,0.893628041795743,0.210286739699958,0.238653930516456,"[-Inf, 150)","",0.00497512437810945,1334.23965085045
V58,0.34269227562303,0.000452758602177538,0.00497512437810945,0.302643636943183,0.0870379408922933,-0.215605696050889,0.0196721749035367,__null__,"",0.00497512437810945,756.898431028931
client_c13_mean_prior,0.342537828335108,0.000393064402641239,0.00497512437810945,0.617150768985577,0.373263076110884,-0.243887692874692,0.200440438195027,__null__,"",0.00497512437810945,871.454718446615
V64,0.339951609552261,0.000327122235047155,0.00497512437810945,0.302643636943183,0.0870379408922933,-0.215605696050889,0.0161887851188166,__null__,"",0.00497512437810945,1039.21890085905
V323,0.338789369573176,0.000186622607186276,0.00497512437810945,0.682046378197466,0.892900899465102,0.210854521267636,0.257257667064374,"[-Inf, 1)","",0.00497512437810945,1815.37153874941
V72,0.338776603768844,0.000404909697312612,0.00497512437810945,0.302643636943183,0.0870379408922933,-0.215605696050889,0.0148005525785589,__null__,"",0.00497512437810945,836.671993823084
V57,0.338159419588699,0.000357927047621864,0.00497512437810945,0.302643636943183,0.0870379408922933,-0.215605696050889,0.0141933836494974,__null__,"",0.00497512437810945,944.771907670836
V62,0.336937456786244,0.000460755541380977,0.00497512437810945,0.302643636943183,0.0870379408922933,-0.215605696050889,0.0124711944754923,__null__,"",0.00497512437810945,731.271632189978
V332,0.33561240491397,0.000146983680689276,0.00497512437810945,0.682046378197466,0.892900899465102,0.210854521267636,0.24845890129118,"[-Inf, 150)","",0.00497512437810945,2283.33107008971
V71,0.335356440752185,0.000336482888180597,0.00497512437810945,0.302643636943183,0.0870379408922933,-0.215605696050889,0.0106962998263254,__null__,"",0.00497512437810945,996.65228911193
V61,0.334936292282582,0.000351273300156928,0.00497512437810945,0.302643636943183,0.0870379408922933,-0.215605696050889,0.0101237803675111,__null__,"",0.00497512437810945,953.492030658043
V60,0.334240308002761,0.000595349680697285,0.00497512437810945,0.302643636943183,0.0870379408922933,-0.215605696050889,0.00925414595353782,__null__,"",0.00497512437810945,561.418471932818
V324,0.332989376511939,0.00017532217035083,0.00497512437810945,0.682046378197466,0.892900899465102,0.210854521267636,0.229536688883239,"[-Inf, 1)","",0.00497512437810945,1899.29987659637
V59,0.330947237246884,0.000423361057914254,0.00497512437810945,0.302643636943183,0.0870379408922933,-0.215605696050889,0.00520551412472182,__null__,"",0.00497512437810945,781.713932021384
V63,0.330615938074273,0.000293922773898232,0.00497512437810945,0.302643636943183,0.0870379408922933,-0.215605696050889,0.0047800384028542,__null__,"",0.00497512437810945,1124.83947293157
V73,0.330451206069303,0.000390366856767271,0.00497512437810945,0.302643636943183,0.0870379408922933,-0.215605696050889,0.0045966333487681,__null__,"",0.00497512437810945,846.51450383328
V69,0.329274241734808,0.0002718640511613,0.00497512437810945,0.302643636943183,0.0870379408922933,-0.215605696050889,0.00312091777052464,__null__,"",0.00497512437810945,1211.17242360023
V70,0.329257475551915,0.000352602696558117,0.00497512437810945,0.302643636943183,0.0870379408922933,-0.215605696050889,0.00307111336356514,__null__,"",0.00497512437810945,933.791711651435
V333,0.328449429986658,0.000143712646771517,0.00497512437810945,0.682046378197466,0.892900899465102,0.210854521267636,0.21226952448704,"[-Inf, 115)","",0.00497512437810945,2285.45947322817
V74,0.327571319169594,0.000506308128043009,0.00497512437810945,0.302643636943183,0.0870379408922933,-0.215605696050889,0.00100253320213913,__null__,"",0.00497512437810945,646.980170821528
V68,0.327369251471217,0.000313113604233998,0.00497512437810945,0.302643636943183,0.0870379408922933,-0.215605696050889,0.000750066781365215,__null__,"",0.00497512437810945,1045.52867408011
V65,0.326898935392477,0.000230517215669716,0.00497512437810945,0.302643636943183,0.0870379408922933,-0.215605696050889,0.000157488767311146,__null__,"",0.00497512437810945,1418.11072306572
V55,0.326871725845406,0.000199334045302205,0.00497512437810945,0.302643636943183,0.0870379408922933,-0.215605696050889,0.000122859884585549,__null__,"",0.00497512437810945,1639.81885457572
V56,0.326871725845406,0.000190075147721881,0.00497512437810945,0.302643636943183,0.0870379408922933,-0.215605696050889,0.000122859884585549,__null__,"",0.00497512437810945,1719.69733951588
V322,0.322563320164783,0.000157050301215943,0.00497512437810945,0.682046378197466,0.892900899465102,0.210854521267636,0.178833348177486,"[-Inf, 1)","",0.00497512437810945,2053.88539638176
V331,0.321014035024222,0.000202097929517202,0.00497512437810945,0.682046378197466,0.892900899465102,0.210854521267636,0.173333454009277,"[-Inf, 100)","",0.00497512437810945,1588.40833150098
V334,0.320993986640728,0.000814226513379154,0.00497512437810945,0.682046378197466,0.892900899465102,0.210854521267636,0.190036449441772,               0,"",0.00497512437810945,394.231803271251
V325,0.307311641481128,0.0003804144243633,0.00497512437810945,0.682046378197466,0.892900899465102,0.210854521267636,0.114692859585195,               0,"",0.00497512437810945,807.833830158979
client_c5_mean_prior,0.298094711314227,0.000279849004536601,0.00497512437810945,0.617150768985577,0.373263076110884,-0.243887692874692,0.108517970542823,__null__,"",0.00497512437810945,1065.19839799981
C9,0.296912040212641,0.00023255505853507,0.00497512437810945,0,0,0,0.296912040212641,"[-Inf, 1)","",0.00497512437810945,1276.73868753049
client_c14_mean_prior,0.296140296935278,0.000321960781005851,0.00497512437810945,0.617150768985577,0.373263076110884,-0.243887692874692,0.105025503544649,__null__,"",0.00497512437810945,919.802393353916
V147,0.29450722665368,0.000563271310044674,0.00497512437810945,0.683341302095785,0.893687806918809,0.210346504823025,0.0470828310553124,               0,"",0.00497512437810945,522.851459681697
V146,0.294173231032088,0.000523772547656727,0.00497512437810945,0.683341302095785,0.893687806918809,0.210346504823025,0.044578298716001,               0,"",0.00497512437810945,561.643087917018
V140,0.293881028358808,0.000190932197510029,0.00497512437810945,0.683341302095785,0.893687806918809,0.210346504823025,0.0381705466461619,"[1, 2)","",0.00497512437810945,1539.19051994031
V163,0.293650160146786,0.000827737083292827,0.00497512437810945,0.683341302095785,0.893687806918809,0.210346504823025,0.0413326000990342,               0,"",0.00497512437810945,354.762600436619
V162,0.293001583426723,0.000850105248702457,0.00497512437810945,0.683341302095785,0.893687806918809,0.210346504823025,0.0379972532352678,               0,"",0.00497512437810945,344.665068088853
V161,0.292883557080882,0.000809546162785709,0.00497512437810945,0.683341302095785,0.893687806918809,0.210346504823025,0.0374567375296984,               0,"",0.00497512437810945,361.787345236803
V158,0.291996610620811,0.000505522832664374,0.00497512437810945,0.683341302095785,0.893687806918809,0.210346504823025,0.0366646560663416,               1,"",0.00497512437810945,577.613100246795
V139,0.291900262171666,0.000254918675230077,0.00497512437810945,0.683341302095785,0.893687806918809,0.210346504823025,0.0284932662106761,"[1, 2)","",0.00497512437810945,1145.07209763353
V157,0.291504727805047,0.000480118346317988,0.00497512437810945,0.683341302095785,0.893687806918809,0.210346504823025,0.0327859422048979,               1,"",0.00497512437810945,607.15182004726
V149,0.290810587112197,0.000539071984179683,0.00497512437810945,0.683341302095785,0.893687806918809,0.210346504823025,0.0313952916232876,               1,"",0.00497512437810945,539.465221058982
V148,0.290286187883398,0.00053835391073876,0.00497512437810945,0.683341302095785,0.893687806918809,0.210346504823025,0.0268099987549184,               1,"",0.00497512437810945,539.210697819674
client_c2_mean_prior,0.290131729831892,0.000321105878943285,0.00497512437810945,0.617150768985577,0.373263076110884,-0.243887692874692,0.0918526966783991,__null__,"",0.00497512437810945,903.539140381595
V154,0.289849943592063,0.000449075789245352,0.00497512437810945,0.683341302095785,0.893687806918809,0.210346504823025,0.024969889544853,               1,"",0.00497512437810945,645.43658449978
V156,0.289768388164738,0.000572420256201062,0.00497512437810945,0.683341302095785,0.893687806918809,0.210346504823025,0.0256278646225493,               1,"",0.00497512437810945,506.21616727511
V153,0.289714269450093,0.000450995249549694,0.00497512437810945,0.683341302095785,0.893687806918809,0.210346504823025,0.0248820216086067,               1,"",0.00497512437810945,642.388738549606
V155,0.289359666747574,0.000561008688256889,0.00497512437810945,0.683341302095785,0.893687806918809,0.210346504823025,0.0221836148216584,               1,"",0.00497512437810945,515.784644345961
id_17,0.288988749711681,0.000261335684963097,0.00497512437810945,0.600525938321779,0.802924506688713,0.202398568366935,0.298430184928196,"[166, 225)","",0.00497512437810945,1105.81434660364
V142,0.288866704559707,0.000411490147193213,0.00497512437810945,0.683341302095785,0.893687806918809,0.210346504823025,0.0157905513655811,               0,"",0.00497512437810945,702.001509708252
V141,0.287934544413908,0.000298021995518054,0.00497512437810945,0.683341302095785,0.893687806918809,0.210346504823025,0.00922886451810644,               0,"",0.00497512437810945,966.151991276313
V138,0.286803058624249,0.000874590711920741,0.00497512437810945,0.683341302095785,0.893687806918809,0.210346504823025,0.0057439013940702,               0,"",0.00497512437810945,327.928315170857
DeviceInfo,0.28661415259239,0.000676175280584361,0.00497512437810945,0.634970914017053,0.833205502375664,0.19823458835861,0.284218074542808,Windows,"",0.00497512437810945,423.875525802561
id_02,0.285544387563372,0.000450262955237479,0.00497512437810945,0.596441947565543,0.798213022820316,0.201771075254773,0.290793460983385,__null__,"",0.00497512437810945,634.172507957644
V35,0.285058929321394,0.000257404905437953,0.00497512437810945,0.461710096422026,0.24637175898718,-0.215338337434845,0.119842358425141,               1,"",0.00497512437810945,1107.43394278516
V36,0.284186796279571,0.000412312004624381,0.00497512437810945,0.461710096422026,0.24637175898718,-0.215338337434845,0.118628835052984,               1,"",0.00497512437810945,689.25181195844
client_c1_mean_prior,0.282417317406627,0.000365243905447126,0.00497512437810945,0.617150768985577,0.373263076110884,-0.243887692874692,0.0785175390104135,__null__,"",0.00497512437810945,773.229376848591
client_c7_mean_prior,0.276848150939776,0.000803547052512512,0.00497512437810945,0.617150768985577,0.373263076110884,-0.243887692874692,0.0773630945331316,               0,"",0.00497512437810945,344.532594667772
id_14,0.27587369763631,0.000295534606125564,0.00497512437810945,0.696360267750418,0.897413166256612,0.201052898506193,0.0327080142640775,"[-300, Inf)","",0.00497512437810945,933.473413665466
V183,0.274751345824941,0.000890129797312768,0.00497512437810945,0.603484341381783,0.798282748797227,0.194798407415444,0.367328932846067,               0,"",0.00497512437810945,308.664361820482
V208,0.273823927832287,0.000789122598599072,0.00497512437810945,0.603484341381783,0.79856165270487,0.195077311323086,0.344007615389029,               0,"",0.00497512437810945,346.997954840486
id_35,0.272716726413616,0.000179593107780444,0.00497512437810945,0.59533628177544,0.798213022820316,0.202876741044876,0.241048274088476,               1,"",0.00497512437810945,1518.52557029648
id_19,0.271622919114708,0.000424716606326658,0.00497512437810945,0.600615586899355,0.803034076081002,0.202418489181647,0.235882398886539,__null__,"",0.00497512437810945,639.539201125084
id_34,0.271464038106759,0.000236337068613945,0.00497512437810945,0.700693282333254,0.898678194694849,0.197984912361596,0.0375782625004309,match_status:2,"",0.00497512437810945,1148.63080810312
id_01,0.270822837386815,0.000231435177045604,0.00497512437810945,0.584887242011316,0.79316286992121,0.208275627909894,0.209260251617199,"[-5, Inf)","",0.00497512437810945,1170.18873640566
id_32,0.269656456020264,0.000275994335805832,0.00497512437810945,0.701340744282413,0.900351618140707,0.199010873858294,0.00747803733323673,              24,"",0.00497512437810945,977.03619617025
client_amt_avg_prior,0.269458196825542,0.000456472705785876,0.00497512437810945,0.617150768985577,0.373263076110884,-0.243887692874692,0.0532008786106935,__null__,"",0.00497512437810945,590.305167012417
client_amt_deviation_prior,0.265733464755742,0.000424587268371629,0.00497512437810945,0.617150768985577,0.373263076110884,-0.243887692874692,0.0451952744867798,__null__,"",0.00497512437810945,625.863007562331
V181,0.264051509863009,0.000773561796630651,0.00497512437810945,0.603484341381783,0.798282748797227,0.194798407415444,0.321634349491797,               0,"",0.00497512437810945,341.34507548475
V237,0.262166248874204,0.000735439999252028,0.00497512437810945,0.615407602199378,0.822776488400586,0.207368886201207,0.215286729361916,               0,"",0.00497512437810945,356.475374117315
V177,0.26178683979388,0.000817163649247496,0.00497512437810945,0.603484341381783,0.798282748797227,0.194798407415444,0.30580314685657,               0,"",0.00497512437810945,320.360358705325
V182,0.257624483364106,0.000784340684324016,0.00497512437810945,0.603484341381783,0.798282748797227,0.194798407415444,0.274747848292577,               0,"",0.00497512437810945,328.459926296109
client_c11_mean_prior,0.257271139123167,0.000284886233064604,0.00497512437810945,0.617150768985577,0.373263076110884,-0.243887692874692,0.0268184628594489,__null__,"",0.00497512437810945,903.066239304112
client_c6_mean_prior,0.256054892646503,0.000316742845723974,0.00497512437810945,0.617150768985577,0.373263076110884,-0.243887692874692,0.02604153160606,__null__,"",0.00497512437810945,808.399924744132
V231,0.255894612501718,0.00079041791167953,0.00497512437810945,0.615407602199378,0.822776488400586,0.207368886201207,0.151196458948602,               0,"",0.00497512437810945,323.745968709106
V233,0.255703294149291,0.000758083121579178,0.00497512437810945,0.615407602199378,0.822776488400586,0.207368886201207,0.146717503200828,               0,"",0.00497512437810945,337.302449916878
V304,0.254928934660785,0.000509048081710032,0.00497512437810945,0.000109570483703881,0,-0.000109570483703881,0.25443350281463,               1,"",0.00497512437810945,500.795394031166
V235,0.253931277993167,0.000601715839753525,0.00497512437810945,0.615407602199378,0.822776488400586,0.207368886201207,0.167057460260635,               0,"",0.00497512437810945,422.011955173363
DeviceInfo_freq,0.253127568116095,0.000296056262858325,0.00497512437810945,0.636026775041836,0.839421075174564,0.203394300132728,0.118078476163838,"[16572, Inf)","",0.00497512437810945,854.998187412867
V275,0.251565184555259,0.000784905649136724,0.00497512437810945,0.615407602199378,0.822776488400586,0.207368886201207,0.114221236893536,               0,"",0.00497512437810945,320.503725297355
V229,0.249824771028816,0.000185588147787429,0.00497512437810945,0.615407602199378,0.822776488400586,0.207368886201207,0.106453028132986,"[-Inf, 2)","",0.00497512437810945,1346.12459905017
V273,0.249802814460044,0.000854334537233055,0.00497512437810945,0.615407602199378,0.822776488400586,0.207368886201207,0.107748348561427,               0,"",0.00497512437810945,292.394610744737
client_c3_mean_prior,0.249711018487174,0.000517705689543832,0.00497512437810945,0.617150768985577,0.373263076110884,-0.243887692874692,0.0145038613359231,               0,"",0.00497512437810945,482.341653821117
V236,0.249188603882773,0.000875164450597184,0.00497512437810945,0.615407602199378,0.822776488400586,0.207368886201207,0.118862805610791,               0,"",0.00497512437810945,284.733462051315
V180,0.249035909146418,0.000714931952653456,0.00497512437810945,0.603484341381783,0.79856165270487,0.195077311323086,0.233758477554006,               0,"",0.00497512437810945,348.335122275801
V218,0.248316114968945,0.000214765358407706,0.00497512437810945,0.615407602199378,0.822776488400586,0.207368886201207,0.0999523290361456,"[-Inf, 1)","",0.00497512437810945,1156.22052276023
V228,0.247612945538121,0.00078977101672574,0.00497512437810945,0.615407602199378,0.822776488400586,0.207368886201207,0.102691521038733,               1,"",0.00497512437810945,313.524984196918
V230,0.247469484140267,0.000206672873758686,0.00497512437810945,0.615407602199378,0.822776488400586,0.207368886201207,0.0981370450349211,"[-Inf, 2)","",0.00497512437810945,1197.3970247746
V222,0.247026006953659,0.000218139800543509,0.00497512437810945,0.594658936967089,0.796081400097616,0.201422463130527,0.165772483683686,"[1, 2)","",0.00497512437810945,1132.42061438664
V209,0.24534334506941,0.000807654728719525,0.00497512437810945,0.603484341381783,0.79856165270487,0.195077311323086,0.20638415113487,               0,"",0.00497512437810945,303.772560656436
id_33,0.24498468599123,0.00076589067301104,0.00497512437810945,0.724091561080564,0.900351618140707,0.176260057060143,0.148065373144631,1920x1080,"",0.00497512437810945,319.869003010694
V219,0.244564021834142,0.000186508601349709,0.00497512437810945,0.615407602199378,0.822776488400586,0.207368886201207,0.0864067270837377,"[-Inf, 1)","",0.00497512437810945,1311.27476193753
D4,0.244546938868154,0.000361084288862936,0.00497512437810945,0.461680213562834,0.24630203301027,-0.215378180552564,0.0566705353613959,__null__,"",0.00497512437810945,677.257212265422
V50,0.243979045883353,0.000330400304031253,0.00497512437810945,0.461710096422026,0.24637175898718,-0.215338337434845,0.0570045266164397,__null__,"",0.00497512437810945,738.434689395065
V221,0.243950215070279,0.000236856791858807,0.00497512437810945,0.594658936967089,0.796081400097616,0.201422463130527,0.155866853730251,"[1, 2)","",0.00497512437810945,1029.94815202809
V258,0.2415430505528,0.000868083718102265,0.00497512437810945,0.615407602199378,0.822776488400586,0.207368886201207,0.0785366892388109,               1,"",0.00497512437810945,278.248566947946
V185,0.241329574449517,0.000621058059166627,0.00497512437810945,0.603484341381783,0.79856165270487,0.195077311323086,0.208902788987934,               0,"",0.00497512437810945,388.578122266616
V277,0.240921986282607,0.000815798794316597,0.00497512437810945,0.615407602199378,0.822776488400586,0.207368886201207,0.0752083529893541,               0,"",0.00497512437810945,295.320350999575
V43,0.240738313449378,0.000432622341617414,0.00497512437810945,0.461710096422026,0.24637175898718,-0.215338337434845,0.0517449355184176,__null__,"",0.00497512437810945,556.462970796532
V225,0.240675288743429,0.000859331284515064,0.00497512437810945,0.615407602199378,0.822776488400586,0.207368886201207,0.0842529170888111,               0,"",0.00497512437810945,280.072764811823
V232,0.239488338376934,0.000156452377037579,0.00497512437810945,0.615407602199378,0.822776488400586,0.207368886201207,0.0684807515937519,"[-Inf, 1)","",0.00497512437810945,1530.74272766984
V257,0.239409356087657,0.000780957364169867,0.00497512437810945,0.615407602199378,0.822776488400586,0.207368886201207,0.0714892317146554,               1,"",0.00497512437810945,306.558804707784
V217,0.238963258186392,0.000160096808930179,0.00497512437810945,0.615407602199378,0.822776488400586,0.207368886201207,0.0655968610629213,"[-Inf, 1)","",0.00497512437810945,1492.61724692219
V179,0.238686226433547,0.00082293181909245,0.00497512437810945,0.603484341381783,0.798282748797227,0.194798407415444,0.194489271361286,               0,"",0.00497512437810945,290.043744689294
V278,0.238664266889374,0.000742011617618113,0.00497512437810945,0.615407602199378,0.822776488400586,0.207368886201207,0.0668437045828765,               0,"",0.00497512437810945,321.644919328212
V226,0.238620473053679,0.000796990287239524,0.00497512437810945,0.615407602199378,0.822776488400586,0.207368886201207,0.0793648388807095,               0,"",0.00497512437810945,299.401983780971
V268,0.238531305710443,0.000838466373477192,0.00497512437810945,0.615407602199378,0.822776488400586,0.207368886201207,0.0651762645902186,               0,"",0.00497512437810945,284.485237876903
V276,0.23836816174807,0.000797472493609992,0.00497512437810945,0.615407602199378,0.822776488400586,0.207368886201207,0.0660670589905913,               0,"",0.00497512437810945,298.904556154692
seconds_since_prev_txn_card,0.238080325702542,0.000458793203173671,0.00497512437810945,0.0766495338273966,0.00699251939876286,-0.0696570144286338,0.0690330002638313,__null__,"",0.00497512437810945,518.927316393611
V274,0.237956585203223,0.000156943372280404,0.00497512437810945,0.615407602199378,0.822776488400586,0.207368886201207,0.0627832363778123,"[-Inf, 7.17718)","",0.00497512437810945,1516.19390959737
V210,0.236812151312609,0.000776067172035882,0.00497512437810945,0.603484341381783,0.79856165270487,0.195077311323086,0.177091591184032,               0,"",0.00497512437810945,305.143884248282
V40,0.235781065306992,0.000174540680559661,0.00497512437810945,0.461710096422026,0.24637175898718,-0.215338337434845,0.0438874367064557,__null__,"",0.00497512437810945,1350.86596746939
V266,0.235697456089191,0.000677716359404033,0.00497512437810945,0.615407602199378,0.822776488400586,0.207368886201207,0.0547288628898112,               0,"",0.00497512437810945,347.781860093296
id_20,0.235653438390121,0.000457449286694252,0.00497512437810945,0.600665391664674,0.803342862550178,0.202677470885503,0.110346536008894,__null__,"",0.00497512437810945,515.146586178035
V39,0.235589942330875,0.000163618083925879,0.00497512437810945,0.461710096422026,0.24637175898718,-0.215338337434845,0.0435878277780974,__null__,"",0.00497512437810945,1439.87716197435
V265,0.235336415016786,0.000219712666845947,0.00497512437810945,0.615407602199378,0.822776488400586,0.207368886201207,0.0523183182468065,"[-Inf, 20.53326)","",0.00497512437810945,1071.1099109356
V42,0.235100819224427,0.000389765979998263,0.00497512437810945,0.461710096422026,0.24637175898718,-0.215338337434845,0.0428321995875446,__null__,"",0.00497512437810945,603.184555064233
V264,0.234832569872098,0.000194871784135666,0.00497512437810945,0.615407602199378,0.822776488400586,0.207368886201207,0.0504792061960203,"[-Inf, 34.1055)","",0.00497512437810945,1205.06193810291
V269,0.234689555128641,0.000782262068976847,0.00497512437810945,0.615407602199378,0.822776488400586,0.207368886201207,0.0527284152296857,               0,"",0.00497512437810945,300.013977969814
V246,0.234582327860204,0.000837721512175404,0.00497512437810945,0.615407602199378,0.822776488400586,0.207368886201207,0.0527866333653236,               1,"",0.00497512437810945,280.024237710021
V245,0.233049200900764,0.000173324352736246,0.00497512437810945,0.594658936967089,0.796081400097616,0.201422463130527,0.120692937806026,"[1, Inf)","",0.00497512437810945,1344.58428502199
V250,0.233049200900764,0.000169075163651326,0.00497512437810945,0.594658936967089,0.796081400097616,0.201422463130527,0.120692937806026,"[1, Inf)","",0.00497512437810945,1378.37631422536
V255,0.233049200900764,0.000197163975228068,0.00497512437810945,0.594658936967089,0.796081400097616,0.201422463130527,0.120692937806026,"[1, Inf)","",0.00497512437810945,1182.00701031304
V259,0.233049200900764,0.000148599900865646,0.00497512437810945,0.594658936967089,0.796081400097616,0.201422463130527,0.120692937806026,"[1, Inf)","",0.00497512437810945,1568.29984100375
V251,0.232791178849383,0.000147533786024162,0.00497512437810945,0.594658936967089,0.796081400097616,0.201422463130527,0.119824861912589,"[1, Inf)","",0.00497512437810945,1577.88385374492
V256,0.232791178849383,0.000179252529426453,0.00497512437810945,0.594658936967089,0.796081400097616,0.201422463130527,0.119824861912589,"[1, Inf)","",0.00497512437810945,1298.67723258487
ProductCD_is_H,0.232773759865047,0.000111390151167171,0.00497512437810945,0,0,0,0.232773759865047,               1,"",0.00497512437810945,2089.71580903689
V260,0.232146193719403,0.000461299252221176,0.00497512437810945,0.615407602199378,0.822776488400586,0.207368886201207,0.0423594328781684,               1,"",0.00497512437810945,503.24424460176
V215,0.2303477829626,0.000832484023415978,0.00497512437810945,0.603484341381783,0.798282748797227,0.194798407415444,0.157034015988048,               0,"",0.00497512437810945,276.699343751248
V243,0.229694943870776,0.000961656824697701,0.00497512437810945,0.615407602199378,0.822776488400586,0.207368886201207,0.0342357736920147,               1,"",0.00497512437810945,238.853339332335
V244,0.229610084819981,0.000812249675012488,0.00497512437810945,0.615407602199378,0.822776488400586,0.207368886201207,0.0327577898959524,               1,"",0.00497512437810945,282.684120269363
V213,0.22957723600782,0.000741864493209113,0.00497512437810945,0.603484341381783,0.798282748797227,0.194798407415444,0.152629336154109,               0,"",0.00497512437810945,309.459797724957
V224,0.228834542264326,0.000169192262594942,0.00497512437810945,0.615407602199378,0.822776488400586,0.207368886201207,0.0289392440844086,"[-Inf, 1)","",0.00497512437810945,1352.51186286321
V216,0.228652974782423,0.000732373568705521,0.00497512437810945,0.603484341381783,0.798282748797227,0.194798407415444,0.150808142304089,               0,"",0.00497512437810945,312.208119671181
ProductCD_is_W,0.228379342435722,0.000166987827600861,0.00497512437810945,0,0,0,0.228379342435722,               0,"",0.00497512437810945,1367.64065810594
V242,0.22816244114673,0.000951568439666027,0.00497512437810945,0.615407602199378,0.822776488400586,0.207368886201207,0.0273530073981272,               1,"",0.00497512437810945,239.775124558364
V267,0.228004992854952,0.000172911745375205,0.00497512437810945,0.615407602199378,0.822776488400586,0.207368886201207,0.0259323752842477,"[-Inf, 13.038)","",0.00497512437810945,1318.62061978612
V223,0.227646476299893,0.000868437550323707,0.00497512437810945,0.615407602199378,0.822776488400586,0.207368886201207,0.0270888829698707,               0,"",0.00497512437810945,262.133386810644
V263,0.227271262759637,0.000209989744902292,0.00497512437810945,0.615407602199378,0.822776488400586,0.207368886201207,0.0232369740420653,"[-Inf, 101.8438)","",0.00497512437810945,1082.29696105106
V248,0.227270923586301,0.000733928613677041,0.00497512437810945,0.615407602199378,0.822776488400586,0.207368886201207,0.0257701020205722,               1,"",0.00497512437810945,309.663527693321
V211,0.227097652821053,0.000797159274731149,0.00497512437810945,0.603484341381783,0.798282748797227,0.194798407415444,0.143261076949537,               0,"",0.00497512437810945,284.883661295472
V214,0.226967499211603,0.000781923390432342,0.00497512437810945,0.603484341381783,0.798282748797227,0.194798407415444,0.146265320443192,               0,"",0.00497512437810945,290.268205285569
V171,0.22648695330579,0.000231923789000647,0.00497512437810945,0.603484341381783,0.79856165270487,0.195077311323086,0.135043939876571,"[1, 2)","",0.00497512437810945,976.557662677537
V168,0.226154725954089,0.000230421078148024,0.00497512437810945,0.603484341381783,0.798282748797227,0.194798407415444,0.137491373948974,"[-Inf, 1)","",0.00497512437810945,981.484540267649
id_12,0.225682336016939,0.000176549330887063,0.00497512437810945,0.584887242011316,0.79316286992121,0.208275627909894,0.0564365261155031,NotFound,"",0.00497512437810945,1278.29618431863
V249,0.225461815088544,0.000716345086507323,0.00497512437810945,0.615407602199378,0.822776488400586,0.207368886201207,0.0189367864296864,               1,"",0.00497512437810945,314.739110151262
V254,0.223785923202216,0.000919621980469885,0.00497512437810945,0.615407602199378,0.822776488400586,0.207368886201207,0.0123647556194685,               1,"",0.00497512437810945,243.345557147157
V262,0.223638936193793,0.000128935954497082,0.00497512437810945,0.615407602199378,0.822776488400586,0.207368886201207,0.010021740314334,"[1, Inf)","",0.00497512437810945,1734.49630140873
V261,0.223336219290971,0.000179942124840159,0.00497512437810945,0.615407602199378,0.822776488400586,0.207368886201207,0.00891384357512457,"[1, Inf)","",0.00497512437810945,1241.15584102032
V247,0.223189835064075,0.000700762429760723,0.00497512437810945,0.615407602199378,0.822776488400586,0.207368886201207,0.00965015335644162,               1,"",0.00497512437810945,318.495720639995
V302,0.223168761322127,0.000492486494824245,0.00497512437810945,0.000109570483703881,0,-0.000109570483703881,0.222671904895896,               1,"",0.00497512437810945,453.14696680519
V253,0.222787425548177,0.000917196285965305,0.00497512437810945,0.615407602199378,0.822776488400586,0.207368886201207,0.00817235598650411,               1,"",0.00497512437810945,242.900488104031
V207,0.222035787670533,0.000717496851444722,0.00497512437810945,0.603484341381783,0.798282748797227,0.194798407415444,0.124387186953098,               0,"",0.00497512437810945,309.458901768629
V252,0.221971858787918,0.00079676069091722,0.00497512437810945,0.615407602199378,0.822776488400586,0.207368886201207,0.00446819001421602,               1,"",0.00497512437810945,278.592884059563
V240,0.220955749555765,0.0002175240210517,0.00497512437810945,0.615407602199378,0.822776488400586,0.207368886201207,0.000406641004794818,               1,"",0.00497512437810945,1015.77631972539
V241,0.220891568379775,0.000255450542633834,0.00497512437810945,0.615407602199378,0.822776488400586,0.207368886201207,8.28283427036534e-05,               1,"",0.00497512437810945,864.713639291046
V234,0.220873187535149,0.000167331449000987,0.00497512437810945,0.594658936967089,0.796081400097616,0.201422463130527,0.0801000800168692,"[-Inf, 1)","",0.00497512437810945,1319.97415222195
V174,0.219827971104044,0.000368596545639642,0.00497512437810945,0.603484341381783,0.79856165270487,0.195077311323086,0.1157920213127,               0,"",0.00497512437810945,596.391837374837
id_05,0.218438923096495,0.000293418462266122,0.00497512437810945,0.60869391983425,0.805364915880589,0.19667099604634,0.0936416949145021,"[0, 1)","",0.00497512437810945,744.462094884736
V203,0.217678331891339,0.000259654946067031,0.00497512437810945,0.603484341381783,0.798282748797227,0.194798407415444,0.107581290098771,"[-Inf, 26.57674)","",0.00497512437810945,838.336935954781
V51,0.216876267656265,0.000348899959935211,0.00497512437810945,0.461710096422026,0.24637175898718,-0.215338337434845,0.014298974647691,__null__,"",0.00497512437810945,621.600150646442
V178,0.215676775293239,0.000149457557437991,0.00497512437810945,0.603484341381783,0.798282748797227,0.194798407415444,0.102074662149953,"[-Inf, 1)","",0.00497512437810945,1443.06369641242
V204,0.213684683224726,0.000239992644662177,0.00497512437810945,0.603484341381783,0.798282748797227,0.194798407415444,0.0938667294556025,"[-Inf, 17.58328)","",0.00497512437810945,890.380134464193
V49,0.213353129314242,0.000330694352299015,0.00497512437810945,0.461710096422026,0.24637175898718,-0.215338337434845,0.00869899438584191,__null__,"",0.00497512437810945,645.167139477868
DeviceType,0.21319309416959,0.000156349653555672,0.00497512437810945,0.596511674236991,0.798372396481827,0.201860722244835,0.0476540026976191,desktop,"",0.00497512437810945,1363.56614371184
DeviceType_is_desktop,0.21319309416959,0.000177356969706811,0.00497512437810945,0.596511674236991,0.798372396481827,0.201860722244835,0.0476540026976191,               1,"",0.00497512437810945,1202.05647695728
DeviceType_is_mobile,0.21319309416959,0.000133952585723628,0.00497512437810945,0.596511674236991,0.798372396481827,0.201860722244835,0.0476540026976191,               0,"",0.00497512437810945,1591.55639301694
V52,0.213161819904555,0.000375861689349432,0.00497512437810945,0.461710096422026,0.24637175898718,-0.215338337434845,0.00847099615843932,__null__,"",0.00497512437810945,567.128350520402
V48,0.213085197967412,0.000225155987186085,0.00497512437810945,0.461710096422026,0.24637175898718,-0.215338337434845,0.00830111801525597,__null__,"",0.00497512437810945,946.389215008095
id_15,0.212771374624504,0.000264070757421918,0.00497512437810945,0.59533628177544,0.798213022820316,0.202876741044876,0.0401449808299871,New,"",0.00497512437810945,805.736222752411
V46,0.21197711844399,0.000307459525808875,0.00497512437810945,0.461710096422026,0.24637175898718,-0.215338337434845,0.00672715051644533,__null__,"",0.00497512437810945,689.447230123422
V212,0.211688718253351,0.000126500298058995,0.00497512437810945,0.603484341381783,0.798282748797227,0.194798407415444,0.0882034934572777,"[-Inf, 17.93058)","",0.00497512437810945,1673.42465987414
V167,0.211164183080799,0.000149827745939981,0.00497512437810945,0.603484341381783,0.798282748797227,0.194798407415444,0.0851876836175978,"[-Inf, 1)","",0.00497512437810945,1409.37969637072
id_16,0.210653811702491,0.000149125021730903,0.00497512437810945,0.617867957606184,0.816112677178688,0.198244719572504,0.0369800066195588,NotFound,"",0.00497512437810945,1412.59869911448
V47,0.210511098667828,0.000326558733796165,0.00497512437810945,0.461710096422026,0.24637175898718,-0.215338337434845,0.00439809826806944,__null__,"",0.00497512437810945,644.634722277024
V172,0.209133243006801,0.000910460823917598,0.00497512437810945,0.603484341381783,0.798282748797227,0.194798407415444,0.0839013300918211,               0,"",0.00497512437810945,229.70043027983
V272,0.209079293584049,0.000762040060271818,0.00497512437810945,0.594658936967089,0.796081400097616,0.201422463130527,0.0409216763403328,               0,"",0.00497512437810945,274.36785083119
id_36,0.208988294459788,0.00022297974214187,0.00497512437810945,0.59533628177544,0.798213022820316,0.202876741044876,0.0264539738083955,               0,"",0.00497512437810945,937.252381998094
V271,0.208824587838018,0.000708224250336457,0.00497512437810945,0.594658936967089,0.796081400097616,0.201422463130527,0.0393399441164649,               0,"",0.00497512437810945,294.85659060504
M6,0.208820074216088,0.000185910332008325,0.00497512437810945,0.456420830345047,0.241351488649607,-0.21506934169544,0.000138364259765775,__null__,"",0.00497512437810945,1123.230064517
V44,0.208582079486922,0.00019440408277227,0.00497512437810945,0.461710096422026,0.24637175898718,-0.215338337434845,0.00138448760210175,__null__,"",0.00497512437810945,1072.93055018429
V45,0.208520870685475,0.000184398279342894,0.00497512437810945,0.461710096422026,0.24637175898718,-0.215338337434845,0.00128704036314529,__null__,"",0.00497512437810945,1130.81787654712
V41,0.208255445929321,0.00015350810103305,0.00497512437810945,0.461710096422026,0.24637175898718,-0.215338337434845,0.000862621186542776,__null__,"",0.00497512437810945,1356.64140542319
V270,0.208241786550058,0.000670267149634121,0.00497512437810945,0.594658936967089,0.796081400097616,0.201422463130527,0.0372595196421589,               0,"",0.00497512437810945,310.684757061019
V37,0.208096006187103,0.000186219082322823,0.00497512437810945,0.461710096422026,0.24637175898718,-0.215338337434845,0.000604061697603998,__null__,"",0.00497512437810945,1117.4794956102
V38,0.208096006187103,0.000134169202108806,0.00497512437810945,0.461710096422026,0.24637175898718,-0.215338337434845,0.000604061697603998,__null__,"",0.00497512437810945,1550.99682279055
id_11,0.207615579945406,0.000378475536931594,0.00497512437810945,0.59533628177544,0.798282748797227,0.202946467021787,0.0215812621392488,             100,"",0.00497512437810945,548.557461939556
V192,0.20760706402387,0.000767340791395112,0.00497512437810945,0.603484341381783,0.798282748797227,0.194798407415444,0.0774702254685863,               1,"",0.00497512437810945,270.553926432631
C10,0.204984383847922,0.000127285244848061,0.00497512437810945,0,0,0,0.204984383847922,"[1, Inf)","",0.00497512437810945,1610.43319744256
V176,0.204959003680675,0.000924901145288383,0.00497512437810945,0.603484341381783,0.798282748797227,0.194798407415444,0.0648680797018461,               1,"",0.00497512437810945,221.600983764345
C8,0.204051060416885,0.000104758927479228,0.00497512437810945,0,0,0,0.204051060416885,"[1, Inf)","",0.00497512437810945,1947.81547813522
id_29,0.202629658789941,0.000175849354428959,0.00497512437810945,0.59533628177544,0.798282748797227,0.202946467021787,0.00596032752566509,NotFound,"",0.00497512437810945,1152.29117245239
V193,0.20256395590763,0.000796912191776983,0.00497512437810945,0.603484341381783,0.798282748797227,0.194798407415444,0.0608495561837781,               1,"",0.00497512437810945,254.18604207315
id_28,0.201518220237552,0.000164486220284487,0.00497512437810945,0.59533628177544,0.798282748797227,0.202946467021787,0.00229869759150178,New,"",0.00497512437810945,1225.13739989292
V199,0.201447299744072,0.000910366808481547,0.00497512437810945,0.603484341381783,0.798282748797227,0.194798407415444,0.0535107093273739,               1,"",0.00497512437810945,221.281463545532
id_37,0.200865029325194,0.000150340798504201,0.00497512437810945,0.59533628177544,0.798213022820316,0.202876741044876,0.000661830980013081,               1,"",0.00497512437810945,1336.06466989452
V202,0.200431705286566,0.000172230677274472,0.00497512437810945,0.603484341381783,0.798282748797227,0.194798407415444,0.0490095421209656,"[-Inf, 119.4098)","",0.00497512437810945,1163.73986596564
V205,0.200292829281375,0.000705580176307038,0.00497512437810945,0.603484341381783,0.798282748797227,0.194798407415444,0.0488768666989292,               0,"",0.00497512437810945,283.869694766221
V239,0.2001081372269,0.000701717575231146,0.00497512437810945,0.594658936967089,0.796081400097616,0.201422463130527,0.011042734751176,               0,"",0.00497512437810945,285.16905417537
V238,0.199885198406714,0.000699466990692967,0.00497512437810945,0.594658936967089,0.796081400097616,0.201422463130527,0.0103385102100724,               0,"",0.00497512437810945,285.767879065582
V227,0.199426321099011,0.000845067424757827,0.00497512437810945,0.594658936967089,0.796081400097616,0.201422463130527,0.00842762071605794,               0,"",0.00497512437810945,235.988650439533
V220,0.198546781252466,0.000871894436446051,0.00497512437810945,0.594658936967089,0.796081400097616,0.201422463130527,0.00526479590535345,               0,"",0.00497512437810945,227.718830345755
V170,0.197373043263308,0.000246468578915963,0.00497512437810945,0.603484341381783,0.79856165270487,0.195077311323086,0.0360909608526815,"[1, 2)","",0.00497512437810945,800.80407868382
V190,0.197191623669288,0.000797913415443689,0.00497512437810945,0.603484341381783,0.798282748797227,0.194798407415444,0.0381601881353639,               1,"",0.00497512437810945,247.134112364357
V194,0.196668712207206,0.000427094434421372,0.00497512437810945,0.603484341381783,0.79856165270487,0.195077311323086,0.0351401563295996,               1,"",0.00497512437810945,460.480625259499
V206,0.196300994793685,0.000775050954102895,0.00497512437810945,0.603484341381783,0.798282748797227,0.194798407415444,0.0343407051652329,               0,"",0.00497512437810945,253.274954058859
id_06,0.196238549285306,0.000206765332743987,0.00497512437810945,0.60869391983425,0.805364915880589,0.19667099604634,0.0131864987267846,"[-1, Inf)","",0.00497512437810945,949.088257112645
V195,0.19623308464663,0.000503316943971132,0.00497512437810945,0.603484341381783,0.79856165270487,0.195077311323086,0.0344611006648126,               1,"",0.00497512437810945,389.879750716053
V187,0.196102205319175,0.000845497334025931,0.00497512437810945,0.603484341381783,0.798282748797227,0.194798407415444,0.0354867549100686,               1,"",0.00497512437810945,231.937106632155
client_m5_mean_prior,0.194969774763405,0.000201263271919933,0.00497512437810945,0.81257470714798,0.621866066359208,-0.190708640788772,0.0354478482486559,"[-Inf, 0.5000000)","",0.00497512437810945,968.730026613935
V191,0.194149142618676,0.00079184819568827,0.00497512437810945,0.603484341381783,0.798282748797227,0.194798407415444,0.0273870567006348,               1,"",0.00497512437810945,245.184801425131
V186,0.194138424623894,0.000909655886773623,0.00497512437810945,0.603484341381783,0.798282748797227,0.194798407415444,0.0283820764122116,               1,"",0.00497512437810945,213.419632024222
V197,0.193607414382649,0.000514032144384151,0.00497512437810945,0.603484341381783,0.79856165270487,0.195077311323086,0.0239311119072652,               1,"",0.00497512437810945,376.644566877437
V188,0.192310730777381,0.000169735196224073,0.00497512437810945,0.603484341381783,0.79856165270487,0.195077311323086,0.0190816647135201,"[1, Inf)","",0.00497512437810945,1133.00443900571
V200,0.192310730777381,0.000148733295647134,0.00497512437810945,0.603484341381783,0.79856165270487,0.195077311323086,0.0190816647135201,"[1, Inf)","",0.00497512437810945,1292.99044938555
V196,0.192284484178307,0.000802446498079122,0.00497512437810945,0.603484341381783,0.798282748797227,0.194798407415444,0.0207461323387791,               1,"",0.00497512437810945,239.622809294568
V189,0.192110750396158,0.000176524341550584,0.00497512437810945,0.603484341381783,0.79856165270487,0.195077311323086,0.0183891499096616,"[1, Inf)","",0.00497512437810945,1088.29608828257
V198,0.192110750396158,0.000138880124362493,0.00497512437810945,0.603484341381783,0.79856165270487,0.195077311323086,0.0183891499096616,"[1, Inf)","",0.00497512437810945,1383.2846944659
V201,0.192110750396158,0.000218576326622838,0.00497512437810945,0.603484341381783,0.79856165270487,0.195077311323086,0.0183891499096616,"[1, Inf)","",0.00497512437810945,878.918377687132
V184,0.190003152547337,0.000563365905875189,0.00497512437810945,0.603484341381783,0.79856165270487,0.195077311323086,0.0115412431306369,               0,"",0.00497512437810945,337.264201766287
V303,0.189983845331619,0.000126103815451921,0.00497512437810945,0.000109570483703881,0,-0.000109570483703881,0.189484981764779,"[1, Inf)","",0.00497512437810945,1506.56698729352
V169,0.189623010524101,0.000731396140483653,0.00497512437810945,0.603484341381783,0.79856165270487,0.195077311323086,0.012097060104112,               0,"",0.00497512437810945,259.261705152981
V173,0.188409997160143,0.000500646131514673,0.00497512437810945,0.603484341381783,0.798282748797227,0.194798407415444,0.00801879738180808,               0,"",0.00497512437810945,376.333672228967
D3,0.140521882045265,0.000340725257151525,0.00497512437810945,0.566061040720376,0.380863207594155,-0.185197833126221,0.00249565075365303,__null__,"",0.00497512437810945,412.41991632799
D5,0.137145510442478,0.000346303610044561,0.00497512437810945,0.653189497171089,0.471985098562649,-0.181204398608441,0.00480369263185128,__null__,"",0.00497512437810945,396.026799792329
R_emaildomain,0.129972215166193,0.000697979750300698,0.00497512437810945,0.653727388636545,0.794656997997868,0.140929609361324,0.10295111693937,anonymous.com,"",0.00497512437810945,186.212014188376
D2,0.122249788314548,0.000457910105926191,0.00497512437810945,0.576470236672245,0.418176566095246,-0.158293670576999,0.0422266379212642,__null__,"",0.00497512437810945,266.973335448186
R_emaildomain_freq,0.119478088002403,0.000280332937893262,0.00497512437810945,0.653727388636545,0.794656997997868,0.140929609361324,0.0659340353000892,"[16444, 21819)","",0.00497512437810945,426.200677309974
ProductCD_is_R,0.106448715065655,0.000130985209021363,0.00497512437810945,0,0,0,0.106448715065655,               1,"",0.00497512437810945,812.677369154664
D1,0.105440264090822,0.00026868750801472,0.00497512437810945,0,0.000408395007620053,0.000408395007620053,0.103011934222797,"[-Inf, 3)","",0.00497512437810945,392.427116801594
card6,0.105385770811324,0.000316099019622096,0.00497512437810945,3.98438122559567e-05,0.00740091440638292,0.00736107059412696,0.0671142238209495,credit,"",0.00497512437810945,333.394804379069
card6_is_debit,0.105070734087162,0.000174214449730503,0.00497512437810945,3.98438122559567e-05,0.00740091440638292,0.00736107059412696,0.0667979454457878,               0,"",0.00497512437810945,603.111476973917
card6_is_credit,0.104963105646608,0.000149832092772022,0.00497512437810945,3.98438122559567e-05,0.00740091440638292,0.00736107059412696,0.0666899362919209,               1,"",0.00497512437810945,700.538207167105
C4,0.103373747085689,0.00018402947654682,0.00497512437810945,0,0,0,0.103373747085689,"[1, Inf)","",0.00497512437810945,561.723855468279
C13,0.100324000952317,0.000351556791005335,0.00497512437810945,0,0,0,0.100324000952317,"[1, 2)","",0.00497512437810945,285.370681264396
V99,0.099496535873194,0.000218595457779451,0.00497512437810945,0,0.000747064038329366,0.000747064038329366,0.0945971718167203,"[2, Inf)","",0.00497512437810945,455.162869731628
V101,0.0952599148562972,0.000972551937330604,0.00497512437810945,0,0.000747064038329366,0.000747064038329366,0.0903812514884475,__other__,"",0.00497512437810945,97.9484089227772
D8,0.093542074074073,0.000490297303934328,0.00497512437810945,0.782622121284565,0.883906248443617,0.101284127159052,0.106207215734646,"[590.449988, Inf)","",0.00497512437810945,190.786433707582
V130,0.093423489061202,0.00026174432000308,0.00497512437810945,0,0.000747064038329366,0.000747064038329366,0.0885219623827354,"[162.074, Inf)","",0.00497512437810945,356.926519208145
dist1,0.0912670911980005,0.000490023705315864,0.00497512437810945,0.696967885887322,0.553355313617483,-0.143612572269838,0.00646038136249413,__null__,"",0.00497512437810945,186.250359335516
C12,0.0905753990612162,0.00013553269466629,0.00497512437810945,0,0,0,0.0905753990612162,"[1, Inf)","",0.00497512437810945,668.29187809061
D9,0.0834260753915379,0.000400688079249786,0.00497512437810945,0.782622121284565,0.883906248443617,0.101284127159052,0.0456691641581147,"[0.666666, 0.750000)","",0.00497512437810945,208.207031134387
V96,0.0832415409491897,0.000232572272857936,0.00497512437810945,0,0.000747064038329366,0.000747064038329366,0.0783352590021553,"[3, Inf)","",0.00497512437810945,357.916874295832
V127,0.0823756839715797,0.00023713547303462,0.00497512437810945,0,0.000747064038329366,0.000747064038329366,0.0774689857874983,"[265.4648, Inf)","",0.00497512437810945,347.37815864248
TransactionAmt,0.0823518377306972,0.000420678202712602,0.00497512437810945,0,0,0,0.0823518377306972,"[50.000, 57.950)","",0.00497512437810945,195.75969755428
V106,0.0800014927597781,0.000869305377403305,0.00497512437810945,0,0.000747064038329366,0.000747064038329366,0.0751102007123234,__other__,"",0.00497512437810945,92.0292164748248
id_10,0.0785762792031671,0.00076015916179506,0.00497512437810945,0.782622121284565,0.883906248443617,0.101284127159052,0.0174651193548483,               0,"",0.00497512437810945,103.368193336794
C2,0.0769862487585597,0.000255740591323792,0.00497512437810945,0,0,0,0.0769862487585597,"[1, 2)","",0.00497512437810945,301.032575079518
V310,0.0763740786040971,0.000277436173892362,0.00497512437810945,0.000109570483703881,0,-0.000109570483703881,0.0758681770692076,"[226.0000, Inf)","",0.00497512437810945,275.28522157939
id_09,0.0761729530100277,0.000157688160524687,0.00497512437810945,0.782622121284565,0.883906248443617,0.101284127159052,0.00185291558646885,"[0, Inf)","",0.00497512437810945,483.060698765031
V299,0.0758857985069772,0.000817382838472682,0.00497512437810945,0.000109570483703881,0,-0.000109570483703881,0.0753774875516464,__other__,"",0.00497512437810945,92.8399703727245
V285,0.0745908179160114,0.000205641169554664,0.00497512437810945,0.000109570483703881,0,-0.000109570483703881,0.0740848448481268,"[-Inf, 1)","",0.00497512437810945,362.723174924286
card4,0.0691957456311193,0.000252696527051087,0.00497512437810945,6.97266714479241e-05,0.00741087526022731,0.00734114858877938,0.0349949911153705,__null__,"",0.00497512437810945,273.82942867723
V283,0.0691321464916431,0.000222564575760831,0.00497512437810945,0,0.000408395007620053,0.000408395007620053,0.0666963348960474,"[-Inf, 1)","",0.00497512437810945,310.616126826637
card4_is_american_express,0.0650605507909945,0.000158265828795454,0.00497512437810945,6.97266714479241e-05,0.00741087526022731,0.00734114858877938,0.0308443172926235,__null__,"",0.00497512437810945,411.084005221873
V104,0.0639676016930197,0.000563223433035341,0.00497512437810945,0,0.000747064038329366,0.000747064038329366,0.0590659697439205,              11,"",0.00497512437810945,113.574112760692
M5,0.0638478283120195,0.000182313796143499,0.00497512437810945,0.68949717108933,0.567848355961073,-0.121648815128257,5.30527044893973e-05,__null__,"",0.00497512437810945,350.208429984996
M4,0.0633770276030183,0.000252186487996033,0.00497512437810945,0.576609690015141,0.457870568665146,-0.118739121349995,0.0138074330267277,__null__,"",0.00497512437810945,251.310163786472
M4_is_M2,0.0630484003144332,0.000178844140700885,0.00497512437810945,0.576609690015141,0.457870568665146,-0.118739121349995,0.013129668245984,               0,"",0.00497512437810945,352.532658142159
V105,0.0618247214257527,0.00072919739540306,0.00497512437810945,0,0.000747064038329366,0.000747064038329366,0.0569188224326699,__other__,"",0.00497512437810945,84.7846163679445
M4_is_M0,0.0582104589571963,0.000190201435897966,0.00497512437810945,0.576609690015141,0.457870568665146,-0.118739121349995,0.00306381838100048,__null__,"",0.00497512437810945,306.046369641624
id_18,0.0580308791968303,0.000366832143798241,0.00497512437810945,0.870109172045581,0.933501339734842,0.0633921676892607,0.112674322096827,"[13, 15)","",0.00497512437810945,158.194640731232
M4_is_M1,0.0579939363882993,0.000195080285284978,0.00497512437810945,0.576609690015141,0.457870568665146,-0.118739121349995,0.00260855371561481,__null__,"",0.00497512437810945,297.282405054823
V282,0.0571969229673214,0.000197438891842816,0.00497512437810945,0,0.000408395007620053,0.000408395007620053,0.0547587798035033,"[-Inf, 1)","",0.00497512437810945,289.694307101647
V307,0.055610608199127,0.000283582344317073,0.00497512437810945,0.000109570483703881,0,-0.000109570483703881,0.055103619953149,"[371.80, Inf)","",0.00497512437810945,196.100389581901
V124,0.054584349766979,0.000660237980039178,0.00497512437810945,0,0.000747064038329366,0.000747064038329366,0.0496710942994968,               4,"",0.00497512437810945,82.6737500980177
id_04,0.0520586727044003,0.000777255348470075,0.00497512437810945,0.814078811060642,0.892920821172791,0.0788420101121487,0.00962880382964081,               0,"",0.00497512437810945,66.9775676769171
V297,0.0515204810721354,0.00065556336619595,0.00497512437810945,0.000109570483703881,0,-0.000109570483703881,0.0510119033354699,              11,"",0.00497512437810945,78.589627988358
id_03,0.0508954524250434,0.000177303675040418,0.00497512437810945,0.814078811060642,0.892920821172791,0.0788420101121487,0.000705150957081484,"[0, Inf)","",0.00497512437810945,287.052439344201
card_txn_count_24h,0.0499644446060432,0.000368843732936126,0.00497512437810945,0,0,0,0.0499644446060432,"[63, Inf)","",0.00497512437810945,135.462365615673
C1,0.0495435342746802,0.000257987543002028,0.00497512437810945,0,0,0,0.0495435342746802,"[3, 6)","",0.00497512437810945,192.038474796788
V136,0.0483689747368113,0.000709920562169789,0.00497512437810945,0,0.000747064038329366,0.000747064038329366,0.0434495503300559,__other__,"",0.00497512437810945,68.13293953478
V296,0.0482130907779034,0.000844841197640786,0.00497512437810945,0,0.000408395007620053,0.000408395007620053,0.0457759895242546,__other__,"",0.00497512437810945,57.0676369861438
V298,0.047863129162122,0.000923087591791796,0.00497512437810945,0.000109570483703881,0,-0.000109570483703881,0.0473548521739231,__other__,"",0.00497512437810945,51.8511239753698
addr2,0.0466330381127154,0.000203478379400852,0.00497512437810945,0.0908040481313252,0.103662605958583,0.0128585578272576,0.0494513654204792,"[-Inf, 87)","",0.00497512437810945,229.179327307539
V293,0.0461676144038736,0.000807252269209326,0.00497512437810945,0.000109570483703881,0,-0.000109570483703881,0.0456589753798658,__other__,"",0.00497512437810945,57.1910617843083
card3,0.0420029118701936,0.00019147918431955,0.00497512437810945,2.98828591919675e-05,0.00739095355253852,0.00736107069334656,0.00138874118572771,__null__,"",0.00497512437810945,219.3601984438
V103,0.0394378546973202,0.000843314113289851,0.00497512437810945,0,0.000747064038329366,0.000747064038329366,0.034518801437156,__other__,"",0.00497512437810945,46.7653203898951
card4_is_mastercard,0.0392406605507403,0.000147186768592941,0.00497512437810945,6.97266714479241e-05,0.00741087526022731,0.00734114858877938,0.00495056801444974,__null__,"",0.00497512437810945,266.604538749432
V131,0.0389699730323605,0.000240603394745723,0.00497512437810945,0,0.000747064038329366,0.000747064038329366,0.0340469248050918,"[47, Inf)","",0.00497512437810945,161.967677445055
card6_is_debit_or_credit,0.0388021966663937,0.000177719536363874,0.00497512437810945,3.98438122559567e-05,0.00740091440638292,0.00736107059412696,0.000291735448294662,__null__,"",0.00497512437810945,218.333884165373
C5,0.0386213278278419,0.000216589413308539,0.00497512437810945,0,0,0,0.0386213278278419,"[1, 2)","",0.00497512437810945,178.315861509004
card6_is_charge_card,0.0386091876571807,0.000218731999986754,0.00497512437810945,3.98438122559567e-05,0.00740091440638292,0.00736107059412696,9.81293946570525e-05,__null__,"",0.00497512437810945,176.513668139636
V137,0.0380231087898636,0.000665175368725547,0.00497512437810945,0,0.000747064038329366,0.000747064038329366,0.0330995125187773,__other__,"",0.00497512437810945,57.1625327358627
V100,0.0378963560820576,0.000177762174505443,0.00497512437810945,0,0.000747064038329366,0.000747064038329366,0.0329727446067339,"[1, Inf)","",0.00497512437810945,213.185713932057
C6,0.0365037647294863,0.000249297162814111,0.00497512437810945,0,0,0,0.0365037647294863,"[2, 4)","",0.00497512437810945,146.426715480534
V320,0.0364116640926191,0.000747724390888275,0.00497512437810945,0.000109570483703881,0,-0.000109570483703881,0.0359036083323059,__other__,"",0.00497512437810945,48.6966381414456
C14,0.0357885371939827,0.000222416305084888,0.00497512437810945,0,0,0,0.0357885371939827,"[1, 2)","",0.00497512437810945,160.907884789848
card4_is_discover,0.0356162066558847,0.000186053977360156,0.00497512437810945,6.97266714479241e-05,0.00741087526022731,0.00734114858877938,0.00131207755927667,__null__,"",0.00497512437810945,191.429429035748
V135,0.0354257176399411,0.000708759919658549,0.00497512437810945,0,0.000747064038329366,0.000747064038329366,0.0305009950961862,__other__,"",0.00497512437810945,49.9826763017408
card4_is_visa,0.0344042378600881,0.000170025042900713,0.00497512437810945,6.97266714479241e-05,0.00741087526022731,0.00734114858877938,9.58145255231642e-05,__null__,"",0.00497512437810945,202.348061633359
card_txn_amt_sum_24h,0.0339441212532475,0.000414360016309412,0.00497512437810945,0.203452466331979,0.221838175968444,0.0183857096364654,0.040521360378,"[10026.720, Inf)","",0.00497512437810945,81.9193935640273
V125,0.0332833896137283,0.00058971462584567,0.00497512437810945,0,0.000747064038329366,0.000747064038329366,0.0283601805683042,               3,"",0.00497512437810945,56.4398238656517
card5,0.0321101574684288,0.000276793297936365,0.00497512437810945,0.00528926607697825,0.0102497186058789,0.00496045252890065,0.0290241639682221,"[195, 224)","",0.00497512437810945,116.007713003986
V321,0.031901498521121,0.000653836066879344,0.00497512437810945,0.000109570483703881,0,-0.000109570483703881,0.0313932029577338,__other__,"",0.00497512437810945,48.7912798591576
card_txn_amt_avg_24h,0.0307022115136906,0.000427060191721528,0.00497512437810945,0.203452466331979,0.221838175968444,0.0183857096364654,0.0364264158539036,"[173.12791, 226.00000)","",0.00497512437810945,71.8920004927794
V319,0.0302865686348301,0.000718150777882792,0.00497512437810945,0.000109570483703881,0,-0.000109570483703881,0.0297782053769753,__other__,"",0.00497512437810945,42.1729942619002
V115,0.0297934795670895,0.000329040199483941,0.00497512437810945,0,0.000747064038329366,0.000747064038329366,0.024867668714945,               2,"",0.00497512437810945,90.5466250440432
V287,0.0293650628542193,0.000227197294980806,0.00497512437810945,0.000109570483703881,0,-0.000109570483703881,0.0288566570735028,"[1, Inf)","",0.00497512437810945,129.249174629038
V133,0.0290890397457138,0.000774455955041428,0.00497512437810945,0,0.000747064038329366,0.000747064038329366,0.0241608396060825,__other__,"",0.00497512437810945,37.5606121385661
V128,0.0289348866209736,0.0001841782510897,0.00497512437810945,0,0.000747064038329366,0.000747064038329366,0.0240075270698309,"[124, Inf)","",0.00497512437810945,157.102624494363
P_emaildomain,0.0286280252446853,0.000748573326181112,0.00497512437810945,0.153787154354929,0.17900650443756,0.0252193500826317,0.0288132160810444,anonymous.com,"",0.00497512437810945,38.2434482280216
V97,0.0285500245239201,0.000127037314160166,0.00497512437810945,0,0.000747064038329366,0.000747064038329366,0.0236225013534365,"[1, Inf)","",0.00497512437810945,224.737312124883
V280,0.0283658472086155,0.000230374645096782,0.00497512437810945,0.000109570483703881,0,-0.000109570483703881,0.0278574088172173,"[2, Inf)","",0.00497512437810945,123.129206326933
V295,0.027223605604726,0.00085008715841667,0.00497512437810945,0.000109570483703881,0,-0.000109570483703881,0.0267147233933155,__other__,"",0.00497512437810945,32.0244875307037
dist2,0.0265755734561596,0.000436974767686267,0.00497512437810945,0.917403777193402,0.952108214716166,0.0347044375227636,0.0979033455295571,"[7.0, 10.0)","",0.00497512437810945,60.8171808108608
card_txn_count_1h,0.0259251271494763,0.000185221183597491,0.00497512437810945,0,0,0,0.0259251271494763,"[4, Inf)","",0.00497512437810945,139.968477935088
C11,0.0256409522730041,0.000249498752123206,0.00497512437810945,0,0,0,0.0256409522730041,"[2, 4)","",0.00497512437810945,102.769861792103
V132,0.0248530531806291,0.000783038285869095,0.00497512437810945,0,0.000747064038329366,0.000747064038329366,0.0199232320557205,__other__,"",0.00497512437810945,31.7392567249054
V134,0.0245678634648964,0.000742069770382007,0.00497512437810945,0,0.000747064038329366,0.000747064038329366,0.0196380677564154,__other__,"",0.00497512437810945,33.1072150429321
V102,0.0243790406988976,0.000809390518187895,0.00497512437810945,0,0.000747064038329366,0.000747064038329366,0.0194512396584087,__other__,"",0.00497512437810945,30.1202449881408
V318,0.0243008681886356,0.000685691395089599,0.00497512437810945,0.000109570483703881,0,-0.000109570483703881,0.023792344353743,__other__,"",0.00497512437810945,35.439949170516
V316,0.0241582967796681,0.000826907700782301,0.00497512437810945,0.000109570483703881,0,-0.000109570483703881,0.0236497612861263,__other__,"",0.00497512437810945,29.2152277174502
V289,0.0239462716896584,0.000438660074637549,0.00497512437810945,0,0.000408395007620053,0.000408395007620053,0.0215014132062705,               1,"",0.00497512437810945,54.5895855907208
V288,0.023710390343863,0.000315635971686362,0.00497512437810945,0,0.000408395007620053,0.000408395007620053,0.0212654258347974,               1,"",0.00497512437810945,75.1194175276806
V129,0.0230717506814426,0.000666416930211785,0.00497512437810945,0,0.000747064038329366,0.000747064038329366,0.0181408364891761,            1000,"",0.00497512437810945,34.6205950591779
V314,0.0223235331825552,0.000192978096702046,0.00497512437810945,0,0.000408395007620053,0.000408395007620053,0.0198782911981749,"[71.709, Inf)","",0.00497512437810945,115.679103297522
V313,0.022097462593861,0.000149462773918223,0.00497512437810945,0,0.000408395007620053,0.000408395007620053,0.0196521705015234,"[40, Inf)","",0.00497512437810945,147.845928551756
V309,0.0220640416989347,0.000719529095984264,0.00497512437810945,0.000109570483703881,0,-0.000109570483703881,0.0215555440316252,            1000,"",0.00497512437810945,30.6645580033879
card2,0.0216647818391475,0.000465665235684627,0.00497512437810945,0.0135468961670253,0.0171326686123535,0.00358577244532819,0.0211338752849522,"[555.0, Inf)","",0.00497512437810945,46.5243702534411
P_emaildomain_freq,0.0210242399720928,0.000279173879942378,0.00497512437810945,0.153787154354929,0.17900650443756,0.0252193500826317,0.0197019334119749,"[28293, 35038)","",0.00497512437810945,75.3087644747862
V312,0.0209585536335346,0.000161169197085049,0.00497512437810945,0.000109570483703881,0,-0.000109570483703881,0.0204496918913964,"[70, Inf)","",0.00497512437810945,130.040690234839
V315,0.0202090581903854,0.000173929577304996,0.00497512437810945,0,0.000408395007620053,0.000408395007620053,0.0177633516304531,"[49.5495, Inf)","",0.00497512437810945,116.191038370361
V308,0.0201161600559738,0.000243267893465224,0.00497512437810945,0.000109570483703881,0,-0.000109570483703881,0.0196072806964684,"[177, Inf)","",0.00497512437810945,82.6913891900388
D13,0.0193813958520483,0.000228123353446482,0.00497512437810945,0.904354928679576,0.88475292102039,-0.0196020076591862,0.143558669010293,"[13, Inf)","",0.00497512437810945,84.9601566838057
addr1_freq,0.0190918033381093,0.000401709746663411,0.00497512437810945,0.0916806120009563,0.103712410227805,0.0120317982268485,0.0193315066072445,"[-Inf, 2776)","",0.00497512437810945,47.526363242827
V109,0.0156965078210199,0.000410312759767072,0.00497512437810945,0,0.000747064038329366,0.000747064038329366,0.0107646165795177,               2,"",0.00497512437810945,38.2549834178457
V116,0.0154110755744757,0.00034475657654858,0.00497512437810945,0,0.000747064038329366,0.000747064038329366,0.0104793135273833,               2,"",0.00497512437810945,44.7013244207224
V311,0.0130731317152342,0.000640789125132949,0.00497512437810945,0.000109570483703881,0,-0.000109570483703881,0.0125641085260009,            1000,"",0.00497512437810945,20.4016129526572
D6,0.0126094394604374,0.00021393238619875,0.00497512437810945,0.872131245517571,0.870548743438287,-0.00158250207928368,0.0979451755738583,"[70, 306)","",0.00497512437810945,58.9412369229725
V123,0.0125876611316744,0.000612277563618746,0.00497512437810945,0,0.000747064038329366,0.000747064038329366,0.00765508550797706,__null__,"",0.00497512437810945,20.5587496253782
D14,0.012555264611146,0.000239258775926589,0.00497512437810945,0.888028926607698,0.891277280288466,0.00324835368076848,0.113544417385177,"[239, Inf)","",0.00497512437810945,52.4756701714396
V114,0.0120866904429496,0.000433395120243664,0.00497512437810945,0,0.000747064038329366,0.000747064038329366,0.00715386103088161,__null__,"",0.00497512437810945,27.8883860901669
D7,0.0120411937970483,0.000294321990236242,0.00497512437810945,0.939029006295322,0.919974500214158,-0.019054506081164,0.093043814828108,"[-Inf, 2)","",0.00497512437810945,40.9116348641949
V110,0.011884455288569,0.000411125005104593,0.00497512437810945,0,0.000747064038329366,0.000747064038329366,0.00695123109618654,__null__,"",0.00497512437810945,28.9071575336205
V98,0.0113609256626755,0.00040947846101972,0.00497512437810945,0,0.000747064038329366,0.000747064038329366,0.00642696018128443,__null__,"",0.00497512437810945,27.7448675429314
id_24,0.0111905886376917,0.00039443338654934,0.00497512437810945,0.984998804685632,0.99303736316277,0.00803855847713808,0.649495263571064,              15,"",0.00497512437810945,28.371301769334
card_amt_deviation_24h,0.0109281206479151,0.000463865208245016,0.00497512437810945,0.203452466331979,0.221838175968444,0.0183857096364654,0.0113145155710731,"[-130.045429, -82.474413)","",0.00497512437810945,23.558827982078
V108,0.0108800852026108,0.000416533902783754,0.00497512437810945,0,0.000747064038329366,0.000747064038329366,0.00594676962097146,__null__,"",0.00497512437810945,26.1205273565914
V95,0.00966709063407344,0.000160483885825362,0.00497512437810945,0,0.000747064038329366,0.000747064038329366,0.00473226858248247,__null__,"",0.00497512437810945,60.2371420928401
V111,0.0094745268079806,0.000480978207784857,0.00497512437810945,0,0.000747064038329366,0.000747064038329366,0.00454062661018327,__null__,"",0.00497512437810945,19.6984533906754
V121,0.00937164488317414,0.000336838611700715,0.00497512437810945,0,0.000747064038329366,0.000747064038329366,0.0044370601395345,__null__,"",0.00497512437810945,27.8223593068985
V126,0.00920748998208593,0.000129791979136127,0.00497512437810945,0,0.000747064038329366,0.000747064038329366,0.0042724984299676,__null__,"",0.00497512437810945,70.9403619805274
addr1,0.00919382663330662,0.000486786344774259,0.00497512437810945,0.0908040481313252,0.103662605958583,0.0128585578272576,0.00809488858633106,"[299, 315)","",0.00497512437810945,18.8867800668693
V120,0.00903211526214061,0.000260430553367957,0.00497512437810945,0,0.000747064038329366,0.000747064038329366,0.00409802565598109,__null__,"",0.00497512437810945,34.6814732193857
V117,0.00898594985616753,0.000242022814449093,0.00497512437810945,0,0.000747064038329366,0.000747064038329366,0.00405184252196964,__null__,"",0.00497512437810945,37.128523922928
client_txn_count_24h,0.00889365294132999,0.000201446501627419,0.00497512437810945,0.0908040481313252,0.104071000966203,0.0132669528348776,0.00763179617574781,"[2, Inf)","",0.00497512437810945,44.1489570157891
V279,0.00883163892045764,0.000189023241838641,0.00497512437810945,0.000109570483703881,0,-0.000109570483703881,0.00832216209774803,"[1, Inf)","",0.00497512437810945,46.7225026644963
V122,0.00841664644308664,0.000279895063339023,0.00497512437810945,0,0.000747064038329366,0.000747064038329366,0.00348194162194695,__null__,"",0.00497512437810945,30.0707213006182
id_21,0.00826524088396626,0.000334767584200479,0.00497512437810945,0.983763646505698,0.992459633639796,0.00869598713409792,0.125164100715322,"[596, 755)","",0.00497512437810945,24.6894898850677
V113,0.00825312051108662,0.000518327369912803,0.00497512437810945,0,0.000747064038329366,0.000747064038329366,0.00331834738519648,__null__,"",0.00497512437810945,15.9226021818509
id_07,0.00823934381612394,0.000441401825537255,0.00497512437810945,0.983733763646506,0.992479555347484,0.00874579170097867,0.119014959203574,"[20.0, 24.0)","",0.00497512437810945,18.6663111465282
id_23,0.00822011726140357,0.000242818378819016,0.00497512437810945,0.983723802693442,0.992459633639796,0.00873583094635388,0.115830361377776,IP_PROXY:HIDDEN,"",0.00497512437810945,33.8529451575427
id_25,0.00794040485310813,0.000409022904520335,0.00497512437810945,0.98384333413021,0.992539320470551,0.00869598634034119,0.0959769186787615,"[-Inf, 190.1)","",0.00497512437810945,19.4131056362722
id_22,0.00783900904497362,0.000672947408093295,0.00497512437810945,0.983723802693442,0.992459633639796,0.00873583094635388,0.192484104509605,              14,"",0.00497512437810945,11.6487692064739
id_08,0.00764601271700699,0.000381169700191078,0.00497512437810945,0.983733763646506,0.992479555347484,0.00874579170097867,0.0687858053441089,"[-Inf, -54)","",0.00497512437810945,20.0593402706828
V112,0.00764111490563849,0.000492364553218925,0.00497512437810945,0,0.000747064038329366,0.000747064038329366,0.0027057581333326,__null__,"",0.00497512437810945,15.5192222016863
id_26,0.00746822617211769,0.00042445383924298,0.00497512437810945,0.983733763646506,0.992459633639796,0.00872586999328995,0.0559369242815971,"[119, 138)","",0.00497512437810945,17.5949078124429
V119,0.00733221437764196,0.00027820957393376,0.00497512437810945,0,0.000747064038329366,0.000747064038329366,0.00239706447750457,__null__,"",0.00497512437810945,26.35500379792
V284,0.00700847781811309,0.000394538045363113,0.00497512437810945,0.000109570483703881,0,-0.000109570483703881,0.00649887851626632,               2,"",0.00497512437810945,17.7637566274827
V290,0.00688115574548103,0.000844593195171609,0.00497512437810945,0.000109570483703881,0,-0.000109570483703881,0.00637156518608714,               2,"",0.00497512437810945,8.14730190205105
id_27,0.00683122274961851,0.00018274434146868,0.00497512437810945,0.983723802693442,0.992459633639796,0.00873583094635388,0.00297316393341506,Found,"",0.00497512437810945,37.3813092909873
V306,0.00605084660794322,0.000187084779281509,0.00497512437810945,0.000109570483703881,0,-0.000109570483703881,0.00554122021759574,"[83, Inf)","",0.00497512437810945,32.342805391124
V291,0.00601147729709509,0.000206674284917648,0.00497512437810945,0.000109570483703881,0,-0.000109570483703881,0.00550185263036777,"[2, Inf)","",0.00497512437810945,29.0867211636438
V118,0.00591021963118657,0.00024204951458284,0.00497512437810945,0,0.000747064038329366,0.000747064038329366,0.00097414766751143,__null__,"",0.00497512437810945,24.4173992307836
C3,0.00568744415936263,0.000453253072876533,0.00497512437810945,0,0,0,0.00568744415936263,               1,"",0.00497512437810945,12.5480542763179
V317,0.00554513267516323,0.000174354242284409,0.00497512437810945,0.000109570483703881,0,-0.000109570483703881,0.00503547978982554,"[45.474, Inf)","",0.00497512437810945,31.8038299642744
V294,0.00542091130843397,0.000234982622419298,0.00497512437810945,0.000109570483703881,0,-0.000109570483703881,0.00491125253752429,"[1, Inf)","",0.00497512437810945,23.069413612897
card1,0.00508720292597146,0.000394792584143474,0.00497512437810945,0,0,0,0.00508720292597146,"[15185.0, 16659.0)","",0.00497512437810945,12.8857611067048
V292,0.00496570630380169,0.000250498057460919,0.00497512437810945,0.000109570483703881,0,-0.000109570483703881,0.00445602303523187,"[2, Inf)","",0.00497512437810945,19.8233325804389
V300,0.00413950190759916,0.000580639291853891,0.00497512437810945,0,0.000408395007620053,0.000408395007620053,0.00169027366840691,__null__,"",0.00497512437810945,7.1292142396743
V281,0.00403165366136573,0.000770746611676123,0.00497512437810945,0,0.000408395007620053,0.000408395007620053,0.00158250531738404,__null__,"",0.00497512437810945,5.23084188796912
V301,0.00339024942187733,0.000629863784698888,0.00497512437810945,0,0.000408395007620053,0.000408395007620053,0.000940872588702901,__null__,"",0.00497512437810945,5.38251206726875
ProductCD_is_S,0.00153922764187709,0.000113945680339913,0.00497512437810945,0,0,0,0.00153922764187709,               1,"",0.00497512437810945,13.5084334683456
V286,0.000921045357951619,0.000291612481478827,0.00497512437810945,0.000109570483703881,0,-0.000109570483703881,0.000411150978231457,__null__,"",0.00497512437810945,3.15845656976275
ProductCD_is_C,0.000833162788192107,0.000127598614469207,0.00497512437810945,0,0,0,0.000833162788192107,               1,"",0.00497512437810945,6.52955983619377
C7,0.000697724553005923,0.000126908021866888,0.00497512437810945,0,0,0,0.000697724553005923,"[1, Inf)","",0.00497512437810945,5.49787588477074
V305,0.000566536368013223,0.000206428380933541,0.00497512437810945,0.000109570483703881,0,-0.000109570483703881,5.66199380216465e-05,__null__,"",0.00497512437810945,2.74446936729896
D12,0.000561326410879839,0.000255669521175174,0.00497512437810945,0.894573272770739,0.895520604026177,0.000947331255438444,0.00548853892818444,"[25, 235)","",0.00497512437810945,2.1955155557836
