column,pooled_auc,dominant_segment,dominant_auc,measurable_in_dominant,segments_measurable,segments_total,min_segment_auc,max_segment_auc,gap_dominant,cmh_or,cmh_p,bd_p,strata_used,note,cmh_p_bh,bd_p_bh,segment_artefact,heterogeneous
dist2,0.540319302260622,W,,FALSE,3,5,0.533109835854658,0.735852435530085,,,,,0,fewer than two usable strata,,,FALSE,FALSE
R_emaildomain,0.670519002689769,W,,FALSE,4,5,0.58625656759348,0.756810004418318,,4.37472670272961,8.30819839996723e-55,0.000216761237151641,4,"",2.82694542959924e-54,0.000563107996513503,TRUE,TRUE
C3,0.50551508223784,W,,FALSE,1,5,0.717894241413827,0.717894241413827,,,,,1,fewer than two usable strata,,,FALSE,FALSE
C4,0.657155877365142,W,,FALSE,4,5,0.582619567004875,0.783419536837027,,6.32294292002481,2.9571913658587e-44,1.43407508090831e-12,3,"",9.44858704701194e-44,9.2633498469483e-12,TRUE,TRUE
C7,0.647970337441252,W,,FALSE,1,5,0.70086471716203,0.70086471716203,,,,,1,fewer than two usable strata,,,TRUE,FALSE
C8,0.63536292451968,W,,FALSE,4,5,0.63187613058407,0.718327220232184,,2.13052928041717,4.3139464282893e-09,0.11807212269635,4,"",7.84898586258192e-09,0.177479480027847,TRUE,FALSE
C10,0.629772106030145,W,,FALSE,4,5,0.609942799628307,0.701618832145682,,2.21271332097329,5.87838085970091e-14,0.0501312869405876,4,"",1.23210862819331e-13,0.0837858571944086,TRUE,FALSE
D6,0.562155134927714,W,,FALSE,1,5,0.587839414180323,0.587839414180323,,,,,0,fewer than two usable strata,,,TRUE,FALSE
D7,0.635324949691463,W,,FALSE,1,5,0.602894546476053,0.602894546476053,,3.52577922309753,1.88627315949161e-05,0.938957447053248,3,"",3.05063930732594e-05,0.959326439923104,TRUE,FALSE
D8,0.7045064100424,W,,FALSE,4,5,0.580841117335074,0.740265700483088,,4.97770699841192,1.01323450250259e-38,0.417968715206892,4,"",2.91722461160087e-38,0.537067327604554,TRUE,FALSE
D9,0.509383477059549,W,,FALSE,4,5,0.529029652453529,0.569102282100633,,1.66287761328318,0.00726294264798276,0.772579094904339,4,"",0.00991089048839314,0.852148331723729,FALSE,FALSE
D12,0.586934503675125,W,,FALSE,1,5,0.586934503675125,0.586934503675125,,,,,0,fewer than two usable strata,,,TRUE,FALSE
D13,0.539541546603003,W,,FALSE,1,5,0.549982926677842,0.549982926677842,,,,,0,fewer than two usable strata,,,FALSE,FALSE
D14,0.549791358398285,W,,FALSE,3,5,0.505437531613556,0.592599045729909,,,,,0,fewer than two usable strata,,,FALSE,FALSE
M1,,W,,FALSE,0,5,,,,,,,0,too few usable rows,,,FALSE,FALSE
V14,0.500077567881425,W,,FALSE,1,5,0.540783410138249,0.540783410138249,,0.375570597648812,0.336324373397897,0.582416018466386,3,"",0.364119776158054,0.695987142067331,FALSE,FALSE
V15,0.627469738034882,W,,FALSE,1,5,0.502680650315471,0.502680650315471,,,,,1,fewer than two usable strata,,,TRUE,FALSE
V16,0.627976079692633,W,,FALSE,1,5,0.512257055340321,0.512257055340321,,,,,1,fewer than two usable strata,,,TRUE,FALSE
V17,0.605740436460756,W,,FALSE,2,5,0.534331797235023,0.54607838690058,,1.22912126629758,0.0262423495291241,0.666528200950487,4,"",0.0333761921195656,0.770708509929798,TRUE,FALSE
V18,0.606819823179412,W,,FALSE,2,5,0.543663594470046,0.555599880747246,,1.22619767723,0.0287959847020685,0.667517412365975,4,"",0.0364470917485119,0.770708509929798,TRUE,FALSE
V21,0.601741658513962,W,,FALSE,2,5,0.519312619484038,0.531336405529954,,1.15858260909054,0.104678218921604,0.787859398662858,4,"",0.124662242533911,0.85246324512893,TRUE,FALSE
V22,0.602435352241992,W,,FALSE,2,5,0.505069124423963,0.522957721973962,,1.15521172321581,0.113324440868378,0.788260992357714,4,"",0.133743259042861,0.85246324512893,TRUE,FALSE
V27,0.500970729899963,W,,FALSE,1,5,0.650921658986175,0.650921658986175,,,,,1,fewer than two usable strata,,,FALSE,FALSE
V28,0.500978140051871,W,,FALSE,1,5,0.652073732718894,0.652073732718894,,,,,1,fewer than two usable strata,,,FALSE,FALSE
V31,0.615504340676017,W,,FALSE,2,5,0.502048798728448,0.526152073732719,,0.756820306914245,0.0166711731519477,0.195854121052793,4,"",0.0218392368290515,0.275347852538927,TRUE,FALSE
V32,0.616133746220953,W,,FALSE,2,5,0.511637364788685,0.531336405529954,,0.754389948148925,0.0154735547836905,0.201981716084202,4,"",0.0204751078450855,0.280660640372816,TRUE,FALSE
V33,0.627904598005277,W,,FALSE,1,5,0.515153843812316,0.515153843812316,,,,,1,fewer than two usable strata,,,TRUE,FALSE
V34,0.628245713736644,W,,FALSE,1,5,0.521657684908916,0.521657684908916,,,,,1,fewer than two usable strata,,,TRUE,FALSE
V39,0.655114230675083,W,,FALSE,2,5,0.551598874598823,0.869934445768772,,1.43491655648018,0.00123854704053049,0.570488006044145,3,"",0.0018333295176214,0.695987142067331,TRUE,FALSE
V40,0.662679714082459,W,,FALSE,2,5,0.590358964249267,0.874821215733016,,1.60086694854489,5.55248142785327e-05,0.604572294734354,3,"",8.81666747937913e-05,0.718869544485128,TRUE,FALSE
V42,0.64205236372009,W,,FALSE,2,5,0.520939327864881,0.876489868891538,,1.00314706714014,0.974176545979802,0.379700848336635,3,"",0.974176545979802,0.501372943383733,TRUE,FALSE
V43,0.648674802929821,W,,FALSE,2,5,0.54983771670123,0.878635280095352,,1.07080204513212,0.496574172255659,0.408293934066642,3,"",0.529380917438263,0.530338316532215,TRUE,FALSE
V50,0.664114660399175,W,,FALSE,2,5,0.504344606521172,0.766388557806913,,1.15088424336675,0.52732600127049,6.23982802694378e-06,3,"",0.554857077642041,1.96226170847311e-05,TRUE,TRUE
V51,0.68745462644749,W,,FALSE,1,5,0.555444728031946,0.555444728031946,,,,,1,fewer than two usable strata,,,TRUE,FALSE
V57,0.635081170700364,W,,FALSE,1,5,0.501450355654943,0.501450355654943,,,,,1,fewer than two usable strata,,,TRUE,FALSE
V58,0.638368546296632,W,,FALSE,1,5,0.525128867411357,0.525128867411357,,,,,1,fewer than two usable strata,,,TRUE,FALSE
V59,0.613035008594218,W,,FALSE,1,5,0.515178063048467,0.515178063048467,,1.11576667434029,0.227904293475869,0.905582360932038,3,"",0.258488852340596,0.951379509020815,TRUE,FALSE
V60,0.618762465031369,W,,FALSE,1,5,0.537664187327456,0.537664187327456,,1.2738942655498,0.0108719666980759,0.927120130586591,3,"",0.014607462948184,0.959326439923104,TRUE,FALSE
V63,0.60843933397754,W,,FALSE,1,5,0.506809348682301,0.506809348682301,,0.984638810682648,0.859044694731298,0.875064522779853,3,"",0.868995019380695,0.929512981975043,TRUE,FALSE
V64,0.613839595608379,W,,FALSE,1,5,0.524526923143596,0.524526923143596,,1.1087057891672,0.254946598267901,0.900066405241473,3,"",0.286678149125279,0.951379509020815,TRUE,FALSE
V65,0.500235010722364,W,,FALSE,0,5,,,,Inf,0.822103053038475,,2,"",0.841371093344064,,FALSE,FALSE
V68,0.500646279486502,W,,FALSE,0,5,,,,,,,0,fewer than two usable strata,,,FALSE,FALSE
V71,0.624589419148346,W,,FALSE,1,5,0.501329400082585,0.501329400082585,,0.685109653821349,0.00190363432806135,0.774017150567149,3,"",0.00275553698316063,0.852148331723729,TRUE,FALSE
V72,0.628026702498789,W,,FALSE,1,5,0.525183594668487,0.525183594668487,,0.733024681482299,0.0141954862607689,0.759192101104979,3,"",0.0188792761437638,0.847882767121916,TRUE,FALSE
V73,0.635828133134184,W,,FALSE,1,5,0.509439201739894,0.509439201739894,,,,,1,fewer than two usable strata,,,TRUE,FALSE
V74,0.639041343761309,W,,FALSE,1,5,0.534937214223709,0.534937214223709,,,,,1,fewer than two usable strata,,,TRUE,FALSE
V79,0.6702473991799,W,,FALSE,1,5,0.524611567004836,0.524611567004836,,,,,1,fewer than two usable strata,,,TRUE,FALSE
V80,0.634113050212249,W,,FALSE,1,5,0.54428788246021,0.54428788246021,,1.46229036432795,0.000592428008393634,0.964334970141274,4,"",0.000913036107053718,0.972322600076289,TRUE,FALSE
V81,0.636915745691617,W,,FALSE,1,5,0.556142388883118,0.556142388883118,,1.58712881380841,4.93547002347072e-05,0.968254304678481,4,"",7.88471430578859e-05,0.972322600076289,TRUE,FALSE
V84,0.627756999494367,W,,FALSE,1,5,0.515583024595178,0.515583024595178,,1.26014129200185,0.0249826723273192,0.929728018116779,4,"",0.0320855889694001,0.959326439923104,TRUE,FALSE
V85,0.63111120490246,W,,FALSE,1,5,0.529984187989797,0.529984187989797,,1.33510867301027,0.0064345998665183,0.936642728481986,4,"",0.00882651918862719,0.959326439923104,TRUE,FALSE
V89,0.501079930387221,W,,FALSE,0,5,,,,,,,1,fewer than two usable strata,,,FALSE,FALSE
V92,0.647685811860714,W,,FALSE,1,5,0.5085066883649,0.5085066883649,,0.412853850310518,0.00931802772394012,0.754920878044626,4,"",0.0126493433350897,0.847070844378711,TRUE,FALSE
V93,0.648970725340295,W,,FALSE,1,5,0.521096741802569,0.521096741802569,,0.369622488961862,0.00417967117633413,0.63430938471742,4,"",0.0057940415248653,0.743136975232664,TRUE,FALSE
V94,0.668463890890704,W,,FALSE,1,5,0.50010387451958,0.50010387451958,,,,,1,fewer than two usable strata,,,TRUE,FALSE
V107,,W,,FALSE,0,5,,,,,,,0,too few usable rows,,,FALSE,FALSE
V138,0.527796453117543,W,,FALSE,3,5,0.501584551342634,0.560105976423553,,6.9662356412281,6.51249596852041e-34,0.000143392818688803,3,"",1.79607783552879e-33,0.000380787596295822,FALSE,TRUE
V139,0.711196580165147,W,,FALSE,3,5,0.643391539524356,0.783502462937024,,8.61046690649529,1.45929782316064e-175,0.000469670233064767,3,"",8.13480914187422e-175,0.00118159142844715,TRUE,TRUE
V140,0.732155671384132,W,,FALSE,3,5,0.651472058088603,0.806668468884768,,9.80524913236381,9.47370448540909e-212,1.70325567760976e-07,3,"",7.09174450050624e-211,7.01151634080372e-07,TRUE,TRUE
V141,0.556712908245554,W,,FALSE,3,5,0.509290850119968,0.580066584354881,,6.85391607790627,1.63448757750692e-59,6.21733895478371e-07,3,"",5.94771868481685e-59,2.35864128602112e-06,TRUE,TRUE
V142,0.556418491721503,W,,FALSE,3,5,0.508918364152585,0.57730693476791,,6.68049175351495,9.77713206114001e-58,4.61425599729282e-07,3,"",3.46163324326849e-57,1.80788062844751e-06,TRUE,TRUE
V143,0.511725808329804,W,,FALSE,3,5,0.609357086162801,0.656625742300084,,3.34122526292135,7.68975459943546e-40,7.01024237874659e-05,3,"",2.23857300561343e-39,0.000192580221669016,FALSE,TRUE
V144,0.505360800514361,W,,FALSE,3,5,0.568495164182615,0.643774745105767,,3.77560308744732,6.61873829337938e-50,0.522238924256819,3,"",2.16763679108175e-49,0.653482214122407,FALSE,FALSE
V145,0.518759427176044,W,,FALSE,3,5,0.602320163447688,0.634503840766211,,4.99316798305364,1.67720073327694e-82,0.97729477314491,3,"",6.657978668463e-82,0.97729477314491,FALSE,FALSE
V146,0.660925440772577,W,,FALSE,3,5,0.613744598289091,0.689647318800632,,11.2020755276323,8.45017994108308e-223,9.90117965393722e-09,3,"",6.51160924871697e-222,4.8293508924306e-08,TRUE,TRUE
V147,0.676889123968702,W,,FALSE,3,5,0.629703530587647,0.71295656073928,,12.2567997589035,7.79666029370197e-258,7.97339971825295e-12,3,"",8.17089998779967e-257,4.64790861624989e-11,TRUE,TRUE
V148,0.698740204570031,W,,FALSE,3,5,0.538278654790252,0.78052784745505,,114.357063254156,0,0.00664947514112235,3,"",0,0.0137002117131745,TRUE,TRUE
V149,0.717499569541021,W,,FALSE,3,5,0.545730811065056,0.800121872698562,,119.881306615826,0,9.94614291371931e-07,3,"",0,3.44511327011437e-06,TRUE,TRUE
V150,0.549358062496669,W,,FALSE,3,5,0.616441516819238,0.705877253985897,,,,,0,fewer than two usable strata,,,FALSE,FALSE
V151,0.512175053235086,W,,FALSE,3,5,0.53756210130229,0.650483901931021,,,,,0,fewer than two usable strata,,,FALSE,FALSE
V152,0.518876683704217,W,,FALSE,3,5,0.600104359584913,0.663988433121928,,,,,0,fewer than two usable strata,,,FALSE,FALSE
V153,0.678254089484708,W,,FALSE,3,5,0.536955786812476,0.765010685893347,,131.682804346456,0,1.68038552038619e-05,3,"",0,5.02015174215373e-05,TRUE,TRUE
V154,0.679735658375811,W,,FALSE,3,5,0.544892994679131,0.765717203523797,,120.468600041878,0,5.11231181866689e-05,3,"",0,0.000142074712169929,TRUE,TRUE
V155,0.711168774505681,W,,FALSE,3,5,0.582550636446483,0.784333210448391,,105.090791276163,0,8.04465457235892e-05,3,"",0,0.000216030611549863,TRUE,TRUE
V156,0.727960904620741,W,,FALSE,3,5,0.590215921451039,0.803089161802943,,104.30264073044,0,2.13942950022528e-08,3,"",0,9.64761604818568e-08,TRUE,TRUE
V157,0.711098451691306,W,,FALSE,3,5,0.589466296263633,0.784655040165538,,20.516470689154,0,0.00435740612545132,3,"",0,0.00921610676091032,TRUE,TRUE
V158,0.727986999641201,W,,FALSE,3,5,0.595173001734427,0.803454737426874,,21.9642505347581,0,5.92590490067213e-06,3,"",0,1.88838836168085e-05,TRUE,TRUE
V159,0.591485875969105,W,,FALSE,3,5,0.501017873416233,0.705260678885507,,,,,0,fewer than two usable strata,,,TRUE,FALSE
V160,0.555283560497887,W,,FALSE,3,5,0.505879037163401,0.671918546820427,,,,,0,fewer than two usable strata,,,TRUE,FALSE
V161,0.556861578326366,W,,FALSE,3,5,0.509426074413979,0.581007290472411,,9.00576976752947,3.46603592182947e-81,4.17682230213767e-06,3,"",1.35537524107362e-80,1.34900071650122e-05,TRUE,TRUE
V162,0.556485175540176,W,,FALSE,3,5,0.508948083777642,0.578078607754947,,8.05262193136969,1.38092256246598e-71,5.80946603156995e-07,3,"",5.16859587665838e-71,2.23945545410519e-06,TRUE,TRUE
V163,0.556627811730679,W,,FALSE,3,5,0.509059532371606,0.579853455625129,,8.63206193939404,1.79486454324295e-77,1.79313470660691e-06,3,"",6.91550750484784e-77,6.03604499829651e-06,TRUE,TRUE
V164,0.51027260494366,W,,FALSE,3,5,0.609180703765765,0.651545058708705,,2.60556806007732,2.62902733323082e-21,2.59883992104193e-09,3,"",6.26186510278613e-21,1.29400571068546e-08,FALSE,TRUE
V165,0.505125074459452,W,,FALSE,3,5,0.638250727577388,0.647429153367135,,3.5036022175435,4.37698307758294e-41,9.17022254132149e-07,3,"",1.30314723446219e-40,3.22306351084682e-06,FALSE,TRUE
V166,0.504749107108644,W,,FALSE,3,5,0.567635299997061,0.640916820768348,,3.21770276697258,9.5946508687986e-33,0.00391483306121743,3,"",2.61854013294295e-32,0.00835397412170505,FALSE,TRUE
V167,0.6707580406086,W,,FALSE,4,5,0.640151247660407,0.69236952809272,,3.93401454291933,4.71753355950732e-144,6.54329441629464e-07,4,"",2.28887739368688e-143,2.44351150858503e-06,TRUE,TRUE
V168,0.691625196437927,W,,FALSE,4,5,0.660120614950801,0.71829989785102,,4.24630334236455,3.41964928990264e-162,1.32744163439114e-08,4,"",1.72297714222018e-161,6.10112597345156e-08,TRUE,TRUE
V169,0.52737132944053,W,,FALSE,4,5,0.507235162310069,0.536792646957953,,,,,0,fewer than two usable strata,,,FALSE,FALSE
V170,0.675469233805202,W,,FALSE,4,5,0.598274915975033,0.7106079789995,,4.04987597730879,1.86617822211387e-150,1.68457636728903e-09,4,"",9.22525838101573e-150,8.56625003791653e-09,TRUE,TRUE
V171,0.683411104852373,W,,FALSE,4,5,0.626085465395432,0.721420715498022,,3.89435366726924,1.49973945351588e-141,1.23667742712996e-12,4,"",7.14421339674838e-141,8.2101640301128e-12,TRUE,TRUE
V172,0.5064116102133,W,,FALSE,4,5,0.504304136086151,0.53060392523617,,17.6075173000547,4.33358320818416e-05,0.113367289084728,4,"",6.9656368131549e-05,0.171485962602848,FALSE,FALSE
V173,0.503724179704342,W,,FALSE,4,5,0.505245941857137,0.539435200013755,,Inf,0.00105043425561901,,4,"",0.00158168836190908,,FALSE,FALSE
V174,0.51964217808368,W,,FALSE,4,5,0.506748579138897,0.551156878775333,,2.33100806941288,0.0228591709471023,0.0672814389671113,4,"",0.0295029693997085,0.107269104272513,FALSE,FALSE
V175,0.525886675160321,W,,FALSE,4,5,0.506297787954369,0.551030724347433,,3.00054872254884,0.00254920555077883,0.322956817739296,4,"",0.00361022623948137,0.433633030560067,FALSE,FALSE
V176,0.647761368898761,W,,FALSE,4,5,0.592681253858289,0.690675471235229,,4.02620496682693,2.24755358013964e-138,0,4,"",1.05153399642248e-137,0,TRUE,TRUE
V177,0.649021150873407,W,,FALSE,4,5,0.61101371795396,0.657138477532534,,5.44249294255916,1.51703181544655e-197,0.160071261538896,4,"",1.01913419396666e-196,0.231860797016947,TRUE,FALSE
V178,0.669015911354559,W,,FALSE,4,5,0.622349429611154,0.677396072307564,,5.88419284115548,1.80729573915443e-230,0.00965446403706138,4,"",1.52745639889826e-229,0.0189132533185055,TRUE,TRUE
V179,0.66386369172733,W,,FALSE,4,5,0.620503332379278,0.675118653008189,,5.96630323126281,3.2854817756851e-230,0.0990998682848622,4,"",2.68998820384217e-229,0.151826080256936,TRUE,FALSE
V180,0.565394073891658,W,,FALSE,4,5,0.524381819208984,0.661320767929247,,Inf,0.0541346404475888,,3,"",0.0665881492829496,,TRUE,FALSE
V181,0.543390687675988,W,,FALSE,4,5,0.505318890897569,0.62803569349704,,,,,0,fewer than two usable strata,,,FALSE,FALSE
V182,0.564939945728495,W,,FALSE,4,5,0.525490286081322,0.661355671019013,,3.3226273681487,0.204114745344354,0.85525098110897,3,"",0.232513318609655,0.912522252165374,TRUE,FALSE
V183,0.560926109124771,W,,FALSE,4,5,0.526481926793443,0.651097992120436,,,,,1,fewer than two usable strata,,,TRUE,FALSE
V184,0.567386241736613,W,,FALSE,4,5,0.527829035276895,0.656246252567948,,,,,0,fewer than two usable strata,,,TRUE,FALSE
V185,0.567754068719067,W,,FALSE,4,5,0.527561609296476,0.658347549868747,,,,,0,fewer than two usable strata,,,TRUE,FALSE
V186,0.62644613185975,W,,FALSE,4,5,0.523208038960148,0.660054636709326,,11.0643692740301,0,0,4,"",0,0,TRUE,TRUE
V187,0.658880503040777,W,,FALSE,4,5,0.587379106934632,0.66664298564828,,11.4487047876413,0,0,4,"",0,0,TRUE,TRUE
V188,0.642795939468782,W,,FALSE,4,5,0.530705123808217,0.646430538634611,,,,,0,fewer than two usable strata,,,TRUE,FALSE
V189,0.653803126693734,W,,FALSE,4,5,0.533459084985253,0.659970270007677,,,,,0,fewer than two usable strata,,,TRUE,FALSE
V190,0.653394262619229,W,,FALSE,4,5,0.577464160779203,0.673620538087255,,8.58353092105326,1.1125369292536e-308,0,4,"",1.11253692925361e-308,0,TRUE,TRUE
V191,0.553094580301507,W,,FALSE,4,5,0.525857574633648,0.614270965367788,,,,,1,fewer than two usable strata,,,TRUE,FALSE
V192,0.574283897851339,W,,FALSE,4,5,0.544023658755852,0.635286783042394,,,,,1,fewer than two usable strata,,,TRUE,FALSE
V193,0.566895117568431,W,,FALSE,4,5,0.536653171530893,0.62885531432913,,,,,1,fewer than two usable strata,,,TRUE,FALSE
V194,0.555152041545428,W,,FALSE,4,5,0.528769401432495,0.623889884800109,,,,,0,fewer than two usable strata,,,TRUE,FALSE
V195,0.56520354593352,W,,FALSE,4,5,0.533942657246725,0.630227585651526,,,,,0,fewer than two usable strata,,,TRUE,FALSE
V196,0.573612823001249,W,,FALSE,4,5,0.536853126949661,0.674301324774093,,,,,1,fewer than two usable strata,,,TRUE,FALSE
V197,0.581281465684459,W,,FALSE,4,5,0.508728307840044,0.666778938545202,,,,,0,fewer than two usable strata,,,TRUE,FALSE
V198,0.586934926874524,W,,FALSE,4,5,0.50499005418753,0.666301059001513,,,,,0,fewer than two usable strata,,,TRUE,FALSE
V199,0.672549974058765,W,,FALSE,4,5,0.575697921668153,0.684019317305378,,8.33109208059238,0,0.000783017959856469,4,"",0,0.00192929167428553,TRUE,TRUE
V200,0.677823905747995,W,,FALSE,4,5,0.51254201248371,0.690227606835298,,,,,0,fewer than two usable strata,,,TRUE,FALSE
V201,0.683293071842974,W,,FALSE,4,5,0.520992523492695,0.694857898860784,,,,,0,fewer than two usable strata,,,TRUE,FALSE
V202,0.665345302961373,W,,FALSE,4,5,0.64187385783623,0.704790760900487,,,,,0,fewer than two usable strata,,,TRUE,FALSE
V203,0.690644660426582,W,,FALSE,4,5,0.664038282750625,0.738288864535747,,4.28903730367552,2.45459106523608e-166,8.22019119439688e-11,4,"",1.31245481447317e-165,4.56889696618803e-10,TRUE,TRUE
V204,0.686023251768998,W,,FALSE,4,5,0.663485469343341,0.730292555728965,,4.27662295418232,1.67260159384457e-164,1.1564462909508e-07,4,"",8.76443235174553e-164,4.84895900942527e-07,TRUE,TRUE
V205,0.506595582412813,W,,FALSE,4,5,0.503086631456204,0.529952400631751,,Inf,0.00387452359114351,,3,"",0.00539960202595532,,FALSE,FALSE
V206,0.503707809877206,W,,FALSE,4,5,0.505219836751492,0.539328659468169,,4.12542821750786,0.0299668408196261,0.0211847749293096,3,"",0.0377466937247213,0.0380688812639473,FALSE,TRUE
V207,0.515420563070389,W,,FALSE,4,5,0.512065052950074,0.53613684287001,,Inf,0.00180826049535705,,3,"",0.00263202360990859,,FALSE,FALSE
V208,0.520019251621207,W,,FALSE,4,5,0.507064439628736,0.552727189572576,,2.11926972075792,0.0452182130582706,0.311726530898308,3,"",0.0558828859493722,0.420918875054777,FALSE,FALSE
V209,0.525541323666763,W,,FALSE,4,5,0.509985893609191,0.552563724945271,,4.91380870674718,0.00242641696657637,0.533509750936912,3,"",0.00345500676762504,0.664108492051677,FALSE,FALSE
V210,0.526136557195803,W,,FALSE,4,5,0.506623870466533,0.552600597488378,,7.6626706339123,0.000622432780206325,0.325825326127564,3,"",0.000953668938093901,0.435040519242948,FALSE,FALSE
V211,0.646653269566219,W,,FALSE,4,5,0.610587204072453,0.657213700684317,,5.76450805092504,2.02703524926724e-209,0.00104781223718087,4,"",1.47523120918894e-208,0.00251722592397215,TRUE,TRUE
V212,0.667317118600445,W,,FALSE,4,5,0.621744541440077,0.678792843422853,,5.83942664778344,8.12014650662102e-226,0.0114133288530147,4,"",6.44690419616578e-225,0.0219982709344397,TRUE,TRUE
V213,0.661715467472951,W,,FALSE,4,5,0.620037208161263,0.675539825899854,,6.23818000293941,1.49740722206674e-240,0.00104943419633818,4,"",1.3528299730396e-239,0.00251722592397215,TRUE,TRUE
V214,0.543533280318447,W,,FALSE,4,5,0.50591399813815,0.631739797575209,,1.214767964432,0.612469612518886,0.0714765632735244,3,"",0.641868153919792,0.11238749093666,FALSE,FALSE
V215,0.564788830599822,W,,FALSE,4,5,0.526586318106122,0.665054413807531,,0.98954526476363,0.966376546133449,0.781283637666934,3,"",0.970079138264229,0.85246324512893,TRUE,FALSE
V216,0.560843526135518,W,,FALSE,4,5,0.527507110890594,0.654745529122088,,1.3294636865393,0.45737071391995,0.105366403675156,3,"",0.491111176422241,0.16039853807874,TRUE,FALSE
V217,0.711121738182431,W,,FALSE,4,5,0.633006659628575,0.69990504704876,,4.9273220296532,1.57786932475869e-179,0.0123966910702519,4,"",9.1867058463728e-179,0.0233292060298441,TRUE,TRUE
V218,0.738748012170179,W,,FALSE,4,5,0.682621888466161,0.726959477722724,,5.17347844887348,4.98199373693819e-184,0.00605466112726061,4,"",2.96655081608592e-183,0.0125831652992634,TRUE,TRUE
V219,0.732744601843544,W,,FALSE,4,5,0.687946935442105,0.720729552766189,,5.33931882601395,2.94801085230034e-196,0.00963545170021873,4,"",1.93094710825672e-195,0.0189132533185055,TRUE,TRUE
V220,0.528687282565779,W,,FALSE,4,5,0.503156678274763,0.531422803009772,,,,,0,fewer than two usable strata,,,FALSE,FALSE
V221,0.62357005395261,W,,FALSE,4,5,0.598154206654081,0.667444501254444,,3.79760191948063,7.43780387540257e-117,1.8120641576691e-05,4,"",3.3028891785686e-116,5.34670782324587e-05,TRUE,TRUE
V222,0.636191361914201,W,,FALSE,4,5,0.608274792935486,0.675548381536993,,4.08569391853556,5.64468790979104e-126,7.98643603405758e-06,4,"",2.59457584625483e-125,2.47890676901268e-05,TRUE,TRUE
V223,0.507754524782231,W,,FALSE,4,5,0.511808953521528,0.538617505824674,,13.4950615713264,0.000400191080487912,1.7308764188595e-07,4,"",0.000624107518379958,7.01151634080372e-07,FALSE,TRUE
V224,0.533477522501361,W,,FALSE,4,5,0.500372398061021,0.566219292164732,,,,,0,fewer than two usable strata,,,FALSE,FALSE
V225,0.528619410798336,W,,FALSE,4,5,0.505286569717708,0.549144580388425,,Inf,0.0644928988802017,,4,"",0.0784363153113927,,FALSE,FALSE
V226,0.50678922666698,W,,FALSE,3,5,0.500295450068938,0.681321357285429,,,,,0,fewer than two usable strata,,,FALSE,FALSE
V227,0.53544580105669,W,,FALSE,4,5,0.507515021620829,0.566148429316481,,Inf,0.235154415760678,,4,"",0.265562314350421,,FALSE,FALSE
V228,0.678048579215008,W,,FALSE,4,5,0.558754788890438,0.72122127174223,,4.8386461158784,4.03864817864941e-171,0,4,"",2.2044287975128e-170,0,TRUE,TRUE
V229,0.713686140237514,W,,FALSE,4,5,0.653237854311495,0.734163672654691,,4.98049246929384,5.39240489499955e-187,0,4,"",3.28560484299973e-186,0,TRUE,TRUE
V230,0.703981134442397,W,,FALSE,4,5,0.656557709034653,0.729580838323353,,5.21589914707492,3.67523371851559e-199,0,4,"",2.5339769322397e-198,0,TRUE,TRUE
V231,0.682434167969696,W,,FALSE,4,5,0.611112887506427,0.703782683958256,,6.75279390497975,3.33974227310085e-242,0.939256849129734,4,"",3.12504455554437e-241,0.959326439923104,TRUE,FALSE
V232,0.7058642881758,W,,FALSE,4,5,0.634796061324357,0.726626307084826,,7.22501090056083,4.11536203286179e-271,0.74869786786488,4,"",4.90102205731722e-270,0.844050898206161,TRUE,FALSE
V233,0.695855563943668,W,,FALSE,4,5,0.623940136379632,0.719745044444867,,7.21147275532205,5.99383168400756e-267,0.929499151158,4,"",6.54326625504158e-266,0.959326439923104,TRUE,FALSE
V234,0.571208360655164,W,,FALSE,4,5,0.533549216787204,0.654593836202392,,,,,0,fewer than two usable strata,,,TRUE,FALSE
V235,0.552067665061417,W,,FALSE,4,5,0.511621421441133,0.630650128314799,,,,,0,fewer than two usable strata,,,TRUE,FALSE
V236,0.582828483204362,W,,FALSE,4,5,0.538659708251167,0.65711747932706,,Inf,0.327154066188524,,2,"",0.355661266976735,,TRUE,FALSE
V237,0.573354227340469,W,,FALSE,4,5,0.535087289975381,0.643587028164535,,,,,1,fewer than two usable strata,,,TRUE,FALSE
V238,0.564496410600444,W,,FALSE,4,5,0.521038058526522,0.645287163611557,,,,,0,fewer than two usable strata,,,TRUE,FALSE
V239,0.575573156703273,W,,FALSE,4,5,0.538145899855913,0.648953698881742,,,,,0,fewer than two usable strata,,,TRUE,FALSE
V240,0.500347854008349,W,,FALSE,4,5,0.500032827785438,0.50160906674129,,Inf,0.147233263405731,,4,"",0.170686349611954,,FALSE,FALSE
V241,0.500147169003532,W,,FALSE,3,5,0.500032827785438,0.500629634811809,,,,,0,fewer than two usable strata,,,FALSE,FALSE
V242,0.660504041192969,W,,FALSE,4,5,0.504398807508184,0.69150869689193,,12.5640902013879,0,0,4,"",0,0,TRUE,TRUE
V243,0.689648367018443,W,,FALSE,4,5,0.58247847074212,0.696227259766182,,11.4617901973038,0,6.87450096847897e-13,4,"",0,4.69430208990421e-12,TRUE,TRUE
V244,0.66836651656826,W,,FALSE,4,5,0.506885378695828,0.683162817222698,,12.8070168160539,0,0,4,"",0,0,TRUE,TRUE
V245,0.606957021545715,W,,FALSE,4,5,0.54358547725269,0.65607647352588,,,,,0,fewer than two usable strata,,,TRUE,FALSE
V246,0.683768642199623,W,,FALSE,4,5,0.541840129075952,0.702525805531794,,10.0161628130247,0,0,4,"",0,0,TRUE,TRUE
V247,0.576555612462537,W,,FALSE,4,5,0.502728920582435,0.636593099515255,,,,,0,fewer than two usable strata,,,TRUE,FALSE
V248,0.600642730201371,W,,FALSE,4,5,0.524616722772212,0.665869689193043,,8.5552237471715,3.23086792085078e-244,0,4,"",3.13513850097372e-243,0,TRUE,TRUE
V249,0.588880676089518,W,,FALSE,4,5,0.532209230524072,0.647592244083262,,,,,1,fewer than two usable strata,,,TRUE,FALSE
V250,0.52889174498278,W,,FALSE,4,5,0.510556978098259,0.634811615398945,,,,,0,fewer than two usable strata,,,FALSE,FALSE
V251,0.540076419599663,W,,FALSE,4,5,0.520831733995049,0.637515705322568,,,,,0,fewer than two usable strata,,,FALSE,FALSE
V252,0.596077832582928,W,,FALSE,4,5,0.540067326653786,0.70349130310807,,,,,0,fewer than two usable strata,,,TRUE,FALSE
V253,0.622315965042207,W,,FALSE,4,5,0.571898093739418,0.728229826062161,,8.38504817957368,2.78831815292055e-281,0,4,"",3.65269678032592e-280,0,TRUE,TRUE
V254,0.610195012222225,W,,FALSE,4,5,0.571381068116295,0.712299401197605,,11.8125526098683,0,0,4,"",0,0,TRUE,TRUE
V255,0.54883734202352,W,,FALSE,4,5,0.527380856090895,0.679033245740241,,,,,0,fewer than two usable strata,,,FALSE,FALSE
V256,0.557967715786176,W,,FALSE,4,5,0.533349388711144,0.681140335231844,,,,,0,fewer than two usable strata,,,TRUE,FALSE
V257,0.707699037593824,W,,FALSE,4,5,0.540890650625129,0.734382782266121,,10.017752575643,0,0.00115190073155447,4,"",0,0.00272578489942097,TRUE,TRUE
V258,0.730346313369992,W,,FALSE,4,5,0.581040973646993,0.758348443225289,,9.74287495642817,0,0.00165714443144904,4,"",0,0.00373639168977661,TRUE,TRUE
V259,0.622781845802765,W,,FALSE,4,5,0.54697288088404,0.674469041192534,,,,,0,fewer than two usable strata,,,TRUE,FALSE
V260,0.536933367996256,W,,FALSE,4,5,0.52824750499002,0.562206211206828,,,,,0,fewer than two usable strata,,,FALSE,FALSE
V261,0.57686082225823,W,,FALSE,4,5,0.554638437410892,0.629059352362741,,,,,0,fewer than two usable strata,,,TRUE,FALSE
V262,0.564552509399018,W,,FALSE,4,5,0.537481037924152,0.624697063256512,,,,,0,fewer than two usable strata,,,TRUE,FALSE
V263,0.704172158036643,W,,FALSE,4,5,0.628534815316482,0.703410870857197,,5.59935596100135,3.13676375780469e-195,0,4,"",2.00446854767031e-194,0,TRUE,TRUE
V264,0.732089754893262,W,,FALSE,4,5,0.672469772722746,0.740448286858569,,5.31400357706233,4.83622862852034e-204,7.19465359277915e-05,4,"",3.42457270451981e-203,0.000195400250985707,TRUE,TRUE
V265,0.725584545599005,W,,FALSE,4,5,0.67842559209609,0.733074185679071,,5.16077250305901,4.76861589633057e-194,0.00162637615011274,4,"",2.9747080115205e-193,0.00370194190358995,TRUE,TRUE
V266,0.507702100282591,W,,FALSE,4,5,0.511656686626747,0.538386035139401,,7.99199159719017,0.0135004968770843,0.569574803482024,3,"",0.0180465825601841,0.695987142067331,FALSE,FALSE
V267,0.533947570658846,W,,FALSE,4,5,0.501490447676077,0.56934134246031,,,,,0,fewer than two usable strata,,,FALSE,FALSE
V268,0.528904389989343,W,,FALSE,4,5,0.505628742514971,0.550763800246762,,6.04305830703772,0.00450917719235953,0.066495492639218,3,"",0.0062179180231484,0.107269104272513,FALSE,FALSE
V269,0.504345278842574,W,,FALSE,3,5,0.503399594299733,0.513956669256153,,5.91518065248536,0.0445620301924372,0.131244387142097,3,"",0.055332947442742,0.193625978561489,FALSE,FALSE
V270,0.529635762617833,W,,FALSE,4,5,0.508560887107961,0.568363939651635,,1.76800061827794,0.13710508119639,0.000169027390234722,3,"",0.160363978899349,0.000443929079847236,FALSE,TRUE
V271,0.535231768719287,W,,FALSE,4,5,0.507965620702092,0.56821558764386,,10.7376666396323,0.00324932592738987,0.0821633787647903,3,"",0.00455253151324142,0.128346715848267,FALSE,FALSE
V272,0.535586574003437,W,,FALSE,4,5,0.50816850176177,0.568291940609923,,11.3952255569708,0.0023435954652024,0.12132919680782,3,"",0.00335531154034442,0.181235487731682,FALSE,FALSE
V273,0.679930176748049,W,,FALSE,4,5,0.614942227360979,0.704443507813479,,7.08363748296792,3.73425369904872e-252,0.569347090150334,4,"",3.76297872750294e-251,0.695987142067331,TRUE,FALSE
V274,0.703541572682251,W,,FALSE,4,5,0.635094848249441,0.728225681231087,,7.17551769316047,1.49245096303421e-269,0.721017375426905,4,"",1.70009631441288e-268,0.824512692473829,TRUE,FALSE
V275,0.693437228583527,W,,FALSE,4,5,0.624179165919699,0.721366490837237,,7.58491295477128,1.52819686853247e-278,0.428752054035405,4,"",1.90660752169289e-277,0.547977224141507,TRUE,FALSE
V276,0.552184823173277,W,,FALSE,4,5,0.511737444682633,0.632686056458511,,1.45285122755187,0.365280504086713,0.43945888513054,3,"",0.393841531155221,0.558673795458506,TRUE,FALSE
V277,0.581912648485291,W,,FALSE,4,5,0.534194503648521,0.658828926309722,,0.953474374953914,0.848511908584689,0.793258338578221,3,"",0.861667131973599,0.854003346487364,TRUE,FALSE
V278,0.572685752830079,W,,FALSE,4,5,0.535391982937961,0.647124115461717,,1.50655902208588,0.319749183497547,0.414363809148312,3,"",0.349059525318155,0.535313245332143,TRUE,FALSE
V302,0.572337656447795,W,,FALSE,4,5,0.517219550758148,0.571816657082208,,1.50991302983291,2.702135095225e-06,0.00922917732903938,4,"",4.45257481099969e-06,0.0183814448470034,TRUE,TRUE
V303,0.582833641811126,W,,FALSE,4,5,0.516050083512146,0.66582036817299,,1.56751633214763,7.95804991454965e-07,0.0115469653347048,4,"",1.32803125962548e-06,0.0220777977199555,TRUE,TRUE
V304,0.581098640273314,W,,FALSE,4,5,0.517849854472903,0.629294743889747,,1.58872134744843,2.93386778095961e-07,0.0122013097563553,4,"",5.05706156981195e-07,0.0231437542203881,TRUE,TRUE
V322,0.565695222727245,W,,FALSE,3,5,0.511461868730398,0.627362399156795,,2.31485425163825,2.79148783410522e-18,0.00047705820660171,3,"",6.19804925877599e-18,0.00118767616018551,TRUE,TRUE
V323,0.583009446485019,W,,FALSE,3,5,0.508328429595199,0.700383817358621,,2.39730347133891,8.76595929846561e-21,1.10684991858623e-05,3,"",2.03246135946725e-20,3.39150167361678e-05,TRUE,TRUE
V324,0.583332938105249,W,,FALSE,3,5,0.508416102489118,0.694709419103366,,2.54026022922383,7.32860906017378e-24,3.20314110990871e-06,3,"",1.81141091864673e-23,1.04869962365504e-05,TRUE,TRUE
V325,0.512514543110278,W,,FALSE,3,5,0.502100186837376,0.521682149036783,,1.86744711097543,0.000880988026140186,0.0146433671555495,3,"",0.00134197013284145,0.0271299593036925,FALSE,TRUE
V326,0.528325319237015,W,,FALSE,3,5,0.512270490195496,0.600273113560884,,3.41553788116961,5.54133411882858e-09,0.000432299188124152,3,"",1.00126175112627e-08,0.00109914368044332,FALSE,TRUE
V327,0.531579391169307,W,,FALSE,3,5,0.508167200629264,0.600293000470657,,2.45590576978935,3.15569106397557e-10,0.00173369728311301,3,"",5.78175565567552e-10,0.00387246402489729,FALSE,TRUE
V328,0.51508787829718,W,,FALSE,3,5,0.526879914882994,0.53566894711672,,1.78446987628839,0.127883364981338,0.0250234102018431,3,"",0.150248617152963,0.0439749635164742,FALSE,TRUE
V329,0.516929661699338,W,,FALSE,3,5,0.525494237364701,0.536377694514263,,1.61454583507216,0.17761794326669,0.0209237974675885,3,"",0.204104829543302,0.0378847545057096,FALSE,TRUE
V330,0.516608418259636,W,,FALSE,3,5,0.528685629768761,0.550383485910125,,1.62967499993893,0.200052509002207,0.0230124175445299,3,"",0.228881036500342,0.0410445357697212,FALSE,TRUE
V331,0.568209273701567,W,,FALSE,3,5,0.514625522817738,0.627607671043997,,3.00755214545505,1.76404671054642e-29,6.02786756065399e-08,3,"",4.66848725417335e-29,2.61938244908419e-07,TRUE,TRUE
V332,0.584634665428547,W,,FALSE,3,5,0.511987163103284,0.689124511942091,,3.60334618820079,6.10764390000751e-43,5.12845321765099e-12,3,"",1.88259141388467e-42,3.14282133081689e-11,TRUE,TRUE
V333,0.584913070250221,W,,FALSE,3,5,0.51194976590842,0.690244807859307,,3.5515938057757,1.44280221284899e-40,3.37718741860726e-12,3,"",4.24735033445434e-40,2.12407313959773e-11,TRUE,TRUE
V334,0.512765938968612,W,,FALSE,3,5,0.501951093385006,0.52212629740591,,3.73199541300153,7.28165458076657e-13,0.00105323260417245,3,"",1.44529810618246e-12,0.00251722592397215,FALSE,TRUE
V335,0.528467077798318,W,,FALSE,3,5,0.511919303292737,0.604170947876409,,2.90171361334632,2.02959710135103e-12,0.047531224181975,3,"",3.99815368837571e-12,0.0811425898535144,FALSE,FALSE
V336,0.531675631774144,W,,FALSE,3,5,0.507916565124615,0.609159247744494,,3.6164715836037,2.63924695899318e-17,1.50738899790115e-05,3,"",5.76235586046843e-17,4.56032874048576e-05,FALSE,TRUE
V337,0.515521992718236,W,,FALSE,3,5,0.526267690606815,0.537818654953523,,3.01957664804851,4.52725771034109e-12,6.81570667349085e-07,3,"",8.85180238887587e-12,2.46811196206714e-06,FALSE,TRUE
V338,0.517383948151167,W,,FALSE,3,5,0.525049433643012,0.538966666468465,,2.96085096466846,1.03586930554228e-13,6.69484358950534e-07,3,"",2.13699022088249e-13,2.46164248906427e-06,FALSE,TRUE
V339,0.517017309942975,W,,FALSE,3,5,0.528053592409211,0.547731897940379,,3.06198008510977,4.07731023488481e-13,6.75826473672814e-08,3,"",8.21734831953709e-13,2.88433084299647e-07,FALSE,TRUE
id_01,0.592414758311816,W,,FALSE,4,5,0.556858553187765,0.585570313642588,,1.83460735534051,5.92474095368073e-26,0.173414940359655,4,"",1.5369129998657e-25,0.249675727385286,TRUE,FALSE
id_02,0.574124560258808,W,,FALSE,4,5,0.513622235669492,0.744252675907727,,1.58614336036832,0.0012619724071668,2.22044604925031e-16,4,"",0.00185750994762754,1.76895535256942e-15,TRUE,TRUE
id_03,0.504032281377981,W,,FALSE,4,5,0.514469393156972,0.526334026334026,,,,,0,fewer than two usable strata,,,FALSE,FALSE
id_04,0.509456644985144,W,,FALSE,4,5,0.501736939495153,0.512909710187631,,Inf,0.100026541041574,,4,"",0.119666455492659,,FALSE,FALSE
id_05,0.504798163159238,W,,FALSE,4,5,0.504268533064046,0.622305431317607,,,,,0,fewer than two usable strata,,,FALSE,FALSE
id_06,0.567142188564072,W,,FALSE,4,5,0.530244173546769,0.632743336599416,,,,,0,fewer than two usable strata,,,TRUE,FALSE
id_07,0.610747551946501,W,,FALSE,2,5,0.581428571428571,0.604160530191458,,5.9976366154621,4.12125749379149e-07,0.0714459707752449,4,"",7.01149002190501e-07,0.11238749093666,TRUE,FALSE
id_08,0.651785287795558,W,,FALSE,2,5,0.669248120300752,0.70500736377025,,10.0592667859577,1.63855688426012e-08,0.731450376258403,4,"",2.94042399778187e-08,0.832460190122659,TRUE,FALSE
id_09,0.502563281055067,W,,FALSE,4,5,0.501127990101732,0.53804347826087,,,,,0,fewer than two usable strata,,,FALSE,FALSE
id_10,0.504052714802552,W,,FALSE,4,5,0.500633489521773,0.518051965905967,,3.75737626676448,0.00166649572563895,0.907592167601447,4,"",0.00243922838054416,0.951379509020815,FALSE,FALSE
id_11,0.507368569017516,W,,FALSE,4,5,0.507972666312303,0.524686192468619,,Inf,0.0184901309319572,,3,"",0.0239822490305583,,FALSE,FALSE
id_12,0.572889507009626,W,,FALSE,4,5,0.501733397131462,0.639950813043161,,,,,0,fewer than two usable strata,,,TRUE,FALSE
id_13,0.556897338219636,W,,FALSE,4,5,0.507234972759553,0.662725029699351,,,,,0,fewer than two usable strata,,,TRUE,FALSE
id_14,0.511750464817391,W,,FALSE,4,5,0.512862511889545,0.556289202084811,,2.4889434971472,0.00964098831212769,0.00599453196209776,3,"",0.0130203038029766,0.0125674836749243,FALSE,TRUE
id_15,0.597958309701416,W,,FALSE,4,5,0.527294783663567,0.6087824792122,,2.09850907000014,7.47787294398624e-35,0.0623802850108942,4,"",2.08425820353659e-34,0.102115672038382,TRUE,FALSE
id_16,0.582611097367452,W,,FALSE,4,5,0.529575149317548,0.609103140956107,,2.33431870278732,7.81204974401229e-44,0.0393751314785532,4,"",2.4659723288328e-43,0.068193162488219,TRUE,FALSE
id_17,0.711692659178325,W,,FALSE,4,5,0.501060670343657,0.543750818525942,,15.6636046102804,6.30655588251686e-21,0.201743827154778,3,"",1.47528360823162e-20,0.280660640372816,TRUE,FALSE
id_18,0.596998073817242,W,,FALSE,4,5,0.551663707092225,0.61992936666186,,1.68785351534454,5.2484134353591e-08,5.89384097082757e-12,4,"",9.16722880042723e-08,3.52156998006947e-11,TRUE,TRUE
id_19,0.583653963042477,W,,FALSE,4,5,0.51152934371514,0.57749127802377,,1.98306200823144,9.31914884438407e-21,2.47299080247121e-06,4,"",2.14176929581458e-20,8.20895558042526e-06,TRUE,TRUE
id_20,0.564780396386949,W,,FALSE,4,5,0.539495816200196,0.620614035087719,,1.86302560857712,1.10572708358463e-18,0.195466337171271,4,"",2.47607261452285e-18,0.275347852538927,TRUE,FALSE
id_21,0.568412677522404,W,,FALSE,2,5,0.570155325443787,0.706165413533835,,7.57884887573723,9.12515319170302e-06,6.64392985072482e-11,4,"",1.4849628175318e-05,3.78071246267436e-10,TRUE,TRUE
id_22,0.673946511045075,W,,FALSE,2,5,0.509022556390977,0.510294117647059,,6.46844919786096,0.064665053844507,0.178694638861419,4,"",0.0784363153113927,0.255736638849575,TRUE,FALSE
id_23,0.5041499668679,W,,FALSE,4,5,0.507731639501438,0.515778644269957,,4.95168270757893,0.0156012588782483,0.615912045753529,4,"",0.0205403508849299,0.72513782726647,FALSE,FALSE
id_24,0.55600644080562,W,,FALSE,2,5,0.606869009584665,0.704147286821705,,Inf,0.112632707563417,,3,"",0.133528368242603,,TRUE,FALSE
id_25,0.58268696561925,W,,FALSE,2,5,0.544419642857143,0.584690799396682,,7.98807942039711,1.4127094598227e-06,0.0171118260046258,4,"",2.3425941675541e-06,0.0314594339623505,TRUE,TRUE
id_26,0.557637571157495,W,,FALSE,2,5,0.522058823529412,0.530751879699248,,9.73147157082158,7.34890028932241e-07,0.482054596194516,4,"",1.23423838192466e-06,0.606373939423628,TRUE,FALSE
id_27,0.502226081182558,W,,FALSE,4,5,0.506760786193672,0.515551563442557,,,,,0,fewer than two usable strata,,,FALSE,FALSE
id_28,0.589508527730965,W,,FALSE,4,5,0.567128263939067,0.601831447746884,,2.11363858007732,7.91881746102598e-38,0.288569065482891,4,"",2.25514149433566e-37,0.391863674150062,TRUE,FALSE
id_29,0.591331672968849,W,,FALSE,4,5,0.57621994107589,0.604843624161074,,2.21551903836866,8.89669691096825e-43,0.393303448229851,4,"",2.71038905892289e-42,0.513760997342232,TRUE,FALSE
id_30,0.582884362193066,W,,FALSE,3,5,0.622019226113673,0.809480089888832,,4.24259657896459,1.05900643339875e-51,0.0516933938475681,3,"",3.51214791836043e-51,0.0857966745108943,TRUE,FALSE
id_31,0.638295017867572,W,,FALSE,4,5,0.582951581975072,0.709576108987809,,3.10679256943037,2.58535818276629e-30,0.581818769100547,4,"",6.91187595800785e-30,0.695987142067331,TRUE,FALSE
id_32,0.635604420263933,W,,FALSE,3,5,0.564061976343475,0.812263754724906,,3.08177391954383,2.6009558281662e-41,5.55111512312578e-16,3,"",7.8327635285005e-41,4.2797306917002e-15,TRUE,TRUE
id_33,0.579495449723453,W,,FALSE,3,5,0.683327477743234,0.720921575853399,,4.08535928174773,8.21899810953836e-56,0.00679072571829675,3,"",2.83339145355138e-55,0.0138716533903669,TRUE,TRUE
id_34,0.561622881212504,W,,FALSE,3,5,0.505611423040974,0.676791895260116,,2.43691203609573,9.38148807778356e-23,3.08258357617497e-07,3,"",2.29714941717691e-22,1.22789579117636e-06,TRUE,TRUE
id_35,0.700057257923584,W,,FALSE,3,5,0.501618671818173,0.520633152062804,,1.56153475917067,0.0547783447951573,0.570875163477262,3,"",0.0670650763379963,0.695987142067331,TRUE,FALSE
id_36,0.519519501214728,W,,FALSE,3,5,0.517230424303142,0.572518691268263,,2.32529283688994,3.6374690843671e-08,0.0239228604908147,3,"",6.48310816397401e-08,0.0423523233874423,FALSE,TRUE
id_37,0.508337554125291,W,,FALSE,4,5,0.506122690894352,0.61264566381813,,,,,0,fewer than two usable strata,,,FALSE,FALSE
id_38,0.577703813681492,W,,FALSE,4,5,0.500263797333623,0.554356625914871,,0.932812068821851,0.640785122097804,0.00339534511136042,4,"",0.666213103133432,0.00731069803256882,TRUE,TRUE
DeviceType,0.591983199566155,W,,FALSE,4,5,0.539,0.70960471452341,,,,,0,fewer than two usable strata,,,TRUE,FALSE
DeviceInfo,0.595744606361175,W,,FALSE,4,5,0.557398226270374,0.694773754400981,,4.01317643987313,1.47229855360048e-25,0.0487114806345715,4,"",3.74507010721675e-25,0.0819862244483281,TRUE,FALSE
device_txn_count_24h,0.568750381459025,W,,FALSE,4,5,0.501592047091592,0.653554759441239,,1.64738457360031,1.45565352722089e-14,0.124663328710708,4,"",3.07565503332156e-14,0.185059227092293,TRUE,FALSE
client_c7_mean_prior,0.538136930207594,W,,FALSE,1,5,0.674484813898928,0.674484813898928,,,,,0,fewer than two usable strata,,,FALSE,FALSE
client_m1_mean_prior,,W,,FALSE,0,5,,,,,,,0,too few usable rows,,,FALSE,FALSE
ProductCD_is_W,0.581197162483228,W,,FALSE,0,5,,,,,,,0,fewer than two usable strata,,,TRUE,FALSE
ProductCD_is_C,0.641165196158721,W,,FALSE,0,5,,,,,,,0,fewer than two usable strata,,,TRUE,FALSE
ProductCD_is_R,0.540941717456278,W,,FALSE,0,5,,,,,,,0,fewer than two usable strata,,,FALSE,FALSE
ProductCD_is_H,0.518248969431306,W,,FALSE,0,5,,,,,,,0,fewer than two usable strata,,,FALSE,FALSE
ProductCD_is_S,0.500777346787909,W,,FALSE,0,5,,,,,,,0,fewer than two usable strata,,,FALSE,FALSE
card4_is_american_express,0.509498090296752,W,,FALSE,3,5,0.501677333396779,0.542229852903157,,1.20704601640468,0.265368707138821,0.00129567233168537,3,"",0.297122227651158,0.0030064629832311,FALSE,TRUE
card6_is_charge_card,0.500015334444229,W,,FALSE,1,5,0.500143815915628,0.500143815915628,,,,,1,fewer than two usable strata,,,FALSE,FALSE
DeviceType_is_desktop,0.578413047030423,W,,FALSE,4,5,0.515532192219563,0.698763615359225,,,,,0,fewer than two usable strata,,,TRUE,FALSE
DeviceType_is_mobile,0.578413047030423,W,,FALSE,4,5,0.515532192219563,0.698763615359226,,,,,0,fewer than two usable strata,,,TRUE,FALSE
R_emaildomain_freq,0.64299622220701,W,,FALSE,4,5,0.573251028806584,0.662848492056413,,3.91011295917136,3.87987320223424e-45,0.00128026822804783,4,"",1.2549713320807e-44,0.00299984418140619,TRUE,TRUE
DeviceInfo_freq,0.546009051337895,W,,FALSE,4,5,0.515298167483561,0.655741596099564,,3.95558076348106,5.44783570875226e-21,0.0673237056103638,4,"",1.28588554566945e-20,0.107269104272513,FALSE,FALSE
id_31_freq,0.545353900554408,W,,FALSE,4,5,0.511353962757645,0.54938663645245,,3.21028190320291,7.10939266676852e-22,0.0981921070664407,4,"",1.70886319146179e-21,0.151405894121802,FALSE,FALSE
V52,0.691088897748296,W,0.500024978144124,TRUE,2,5,0.500024978144124,0.591739173240315,0.191063919604172,4.87153126663825,0.757361389046774,0.647017128689946,2,"",0.784303098538556,0.75432728661901,TRUE,FALSE
C1,0.669487977729392,W,0.503243994477536,TRUE,5,5,0.503243994477536,0.782943216114123,0.166243983251856,3.24596597288802,1.13647885476273e-231,0,5,"",9.92524866492788e-231,0,FALSE,TRUE
C12,0.648871695258745,W,0.500332546185351,TRUE,2,5,0.500332546185351,0.719616442953018,0.148539149073394,0.759360924257947,,,2,"",,,FALSE,FALSE
C11,0.65873302441849,W,0.513072425454681,TRUE,5,5,0.513072425454681,0.728720907910194,0.145660598963809,2.97388667071282,5.99977101722215e-177,0,5,"",3.41726088372218e-176,0,FALSE,TRUE
C2,0.679773463696149,W,0.53815658214372,TRUE,5,5,0.53815658214372,0.788446493659392,0.14161688155243,2.98157213234136,,,5,"",,,FALSE,FALSE
card3,0.640251040212642,W,0.502099224277011,TRUE,5,5,0.502099224277011,0.541419654841803,0.138151815935631,3.26116633440533,,,5,"",,,FALSE,FALSE
V44,0.611989666768115,W,0.502829075550395,TRUE,3,5,0.502829075550395,0.86746126340882,0.10916059121772,,,,0,fewer than two usable strata,,,FALSE,FALSE
C6,0.633305600286564,W,0.531248352011999,TRUE,5,5,0.531248352011999,0.698199328859058,0.102057248274565,2.86121531824501,7.57338442281448e-163,0,5,"",3.89064062505372e-162,0,FALSE,TRUE
M4_is_M2,0.608152671482939,W,0.511518052106812,TRUE,2,5,0.502246200583981,0.511518052106812,0.0966346193761268,,,,0,fewer than two usable strata,,,FALSE,FALSE
V45,0.640610113411123,W,0.548105871243682,TRUE,3,5,0.548105871243682,0.869129916567342,0.0925042421674409,,,,0,fewer than two usable strata,,,FALSE,FALSE
P_emaildomain,0.63886245028689,W,0.559196339036598,TRUE,4,5,0.519898657718121,0.688849394809368,0.0796661112502918,2.25688365731302,4.02453205502981e-53,1.20823462346209e-10,4,"",1.35182999797155e-52,6.56291079562363e-10,FALSE,TRUE
V87,0.612531665079213,W,0.536207333851719,TRUE,2,5,0.536207333851719,0.678817042346179,0.0763243312274946,,,,0,fewer than two usable strata,,,FALSE,FALSE
V86,0.581024272921066,W,0.507346934868148,TRUE,2,5,0.507346934868148,0.657206063963621,0.0736773380529175,,,,0,fewer than two usable strata,,,FALSE,FALSE
client_c2_mean_prior,0.57894145247732,W,0.510217357740817,TRUE,5,5,0.510217357740817,0.677352127232796,0.0687240947365038,1.6509146672518,7.39059160924294e-17,0,5,"",1.60027686084434e-16,0,FALSE,TRUE
D10,0.604785054616303,W,0.544078770486223,TRUE,3,5,0.526942438163746,0.779664526817146,0.0607062841300796,1.52192781018585,2.97814137305303e-11,0.00183465003112704,3,"",5.61347510604241e-11,0.00406001256888298,FALSE,TRUE
V38,0.613451811928763,W,0.552933640571582,TRUE,3,5,0.552933640571582,0.874135876042908,0.0605181713571805,Inf,0.270509006858063,,4,"",0.300310846596663,,TRUE,FALSE
card_amt_deviation_24h,0.58657684478823,W,0.528892776628449,TRUE,5,5,0.528892776628449,0.768086667639506,0.0576840681597807,1.62220111652446,6.8706679884719e-22,0,5,"",1.66677316016633e-21,0,FALSE,TRUE
addr2,0.554669852119872,W,0.500035737259667,TRUE,5,5,0.500035737259667,0.515646077668979,0.054634114860205,13.4411509228039,6.58486752583649e-07,0.00871857949682264,2,"",1.11305502694785e-06,0.017658817794412,FALSE,TRUE
D10n,0.608797134720173,W,0.5564112219611,TRUE,3,5,0.5564112219611,0.718264651066473,0.0523859127590726,1.59135780232101,2.5752179285564e-13,0.00231955768460601,3,"",5.27114919751389e-13,0.00503976624200761,FALSE,TRUE
V37,0.579985572204162,W,0.53120483104196,TRUE,3,5,0.53120483104196,0.866805721096544,0.0487807411622021,Inf,0.270509006858063,,4,"",0.300310846596663,,TRUE,FALSE
V47,0.571931821031348,W,0.527124955465667,TRUE,3,5,0.527124955465667,0.878098927294398,0.0448068655656808,Inf,0.309257153966295,,4,"",0.340442749324241,,TRUE,FALSE
card1,0.542669732633955,W,0.502441581070704,TRUE,5,5,0.502441581070704,0.65762223583206,0.0402281515632518,1.53097872484086,1.27526053442609e-25,4.15223411209809e-14,5,"",3.27566921587878e-25,3.00722409936801e-13,FALSE,TRUE
V123,0.54194662687912,W,0.502380330143936,TRUE,5,5,0.502380330143936,0.600805177372963,0.0395662967351847,4.91745451084571,,,5,"",,,FALSE,FALSE
V24,0.550788354707563,W,0.512053196862479,TRUE,3,5,0.512053196862479,0.60052364075436,0.0387351578450835,,,,0,fewer than two usable strata,,,FALSE,FALSE
V82,0.543459439301319,W,0.505011608078655,TRUE,2,5,0.505011608078655,0.512004720519834,0.0384478312226644,0.898293574242896,0.164173189002338,0.954017218383789,4,"",0.189486235764813,0.970255809335002,FALSE,FALSE
V46,0.54071304677439,W,0.502418917441573,TRUE,3,5,0.502418917441573,0.878307508939214,0.038294129332817,Inf,0.308234974060608,,4,"",0.340442749324241,,FALSE,FALSE
V125,0.542742353550135,W,0.504653392791272,TRUE,5,5,0.504653392791272,0.603234036433365,0.0380889607588635,4.07599535059397,,,5,"",,,FALSE,FALSE
client_c12_mean_prior,0.538111661520888,W,0.500133896716204,TRUE,4,5,0.50009179364788,0.700450193392937,0.0379777648046831,,,,0,fewer than two usable strata,,,FALSE,FALSE
V77,0.555441996630231,W,0.517488002309058,TRUE,2,5,0.517488002309058,0.543830603741791,0.0379539943211732,Inf,0.499072849645997,,5,"",0.529380917438263,,TRUE,FALSE
M4_is_M0,0.562267867744769,W,0.524860559204895,TRUE,2,5,0.500285595668154,0.524860559204895,0.0374073085398741,,,,0,fewer than two usable strata,,,FALSE,FALSE
card5,0.556259897125935,W,0.518911480685347,TRUE,5,5,0.518911480685347,0.556047190150879,0.0373484164405883,1.11328685344157,,,5,"",,,FALSE,FALSE
V124,0.540466142702621,W,0.503756201010273,TRUE,5,5,0.503756201010273,0.603234036433365,0.0367099416923481,3.06432550639376,,,5,"",,,FALSE,FALSE
V23,0.54105249432654,W,0.505412514882889,TRUE,3,5,0.505412514882889,0.601417364943868,0.0356399794436508,,,,0,fewer than two usable strata,,,FALSE,FALSE
D15,0.61421918259211,W,0.578650790660751,TRUE,2,5,0.521745322761216,0.578650790660751,0.0355683919313591,1.70513446846719,4.17771187042288e-19,7.40780108809958e-07,4,"",9.51791747870256e-19,2.64248426874e-06,FALSE,TRUE
addr1_freq,0.552822317937426,W,0.517533765078186,TRUE,5,5,0.503530072473458,0.56958689976803,0.0352885528592396,1.70771408159876,,,5,"",,,FALSE,FALSE
client_c11_mean_prior,0.549640444898821,W,0.514359151983852,TRUE,5,5,0.514359151983852,0.700450193392937,0.035281292914969,1.5523839569305,4.68184731751266e-11,0,5,"",8.76174283705941e-11,0,FALSE,TRUE
P_emaildomain_freq,0.581178423103026,W,0.549232503558387,TRUE,4,5,0.549232503558387,0.692369816086166,0.0319459195446385,1.87565057252622,1.19578341621406e-26,1.2230365609156e-08,4,"",3.13295255048084e-26,5.73148505997704e-08,FALSE,TRUE
client_c4_mean_prior,0.542904411170512,W,0.511909534273585,TRUE,5,5,0.507270180930702,0.691555211046063,0.0309948768969265,1.33464858759972,0.0183166462268674,0.148561834320781,4,"",0.0238754294101455,0.217829928850716,FALSE,FALSE
D5,0.730259445969455,W,0.699681942961948,TRUE,3,5,0.55247641509434,0.699681942961948,0.0305775030075064,4.00051445679218,2.73831426732139e-90,0.0869069456352661,4,"",1.12099740318469e-89,0.134875064979407,FALSE,FALSE
C9,0.561806302306648,W,0.531513775518988,TRUE,1,5,0.531513775518988,0.531513775518988,0.0302925267876596,,,,1,fewer than two usable strata,,,FALSE,FALSE
V78,0.576784482599325,W,0.546653729685862,TRUE,2,5,0.546653729685862,0.551403748715996,0.0301307529134625,Inf,0.499072849645997,,5,"",0.529380917438263,,TRUE,FALSE
null_count_V_block,0.558953818007889,W,0.530567533853486,TRUE,5,5,0.514732920621141,0.535794811745988,0.0283862841544025,1.24354568707911,,,5,"",,,FALSE,FALSE
client_d5n_std_prior,0.577659965926472,W,0.549295104275985,TRUE,3,5,0.504520503713271,0.710363636363637,0.0283648616504875,2.14726406917871,0.0021354794821287,0.772458144307691,4,"",0.0030741517819655,0.852148331723729,FALSE,FALSE
client_c10_mean_prior,0.536555928295137,W,0.50821793799598,TRUE,5,5,0.50821793799598,0.726666281359997,0.0283379902991565,1.47855039875739,0.0381222230790469,0.719599803310304,5,"",0.0477895810847382,0.824512692473829,FALSE,FALSE
D15n,0.611332614135554,W,0.583456074071009,TRUE,2,5,0.571881860046398,0.583456074071009,0.027876540064545,1.43286123022077,5.43032604303929e-12,0,4,"",1.05388549872318e-11,0,FALSE,TRUE
V35,0.575339739142327,W,0.547681985769534,TRUE,1,5,0.547681985769534,0.547681985769534,0.0276577533727936,,,,1,fewer than two usable strata,,,FALSE,FALSE
client_c8_mean_prior,0.536546150412021,W,0.509182875821342,TRUE,5,5,0.507100268770141,0.733723626325059,0.0273632745906793,1.40814389093907,0.0743162260418106,0.777273373706163,5,"",0.0893158312979558,0.852148331723729,FALSE,FALSE
V83,0.555416450386616,W,0.52823825455342,TRUE,2,5,0.524611567004836,0.52823825455342,0.0271781958331965,1.04011751145318,0.631718158286854,0.962594588078267,4,"",0.65940301781337,0.972322600076289,TRUE,FALSE
client_amt_deviation_prior,0.528063525527209,W,0.503133296722638,TRUE,5,5,0.503133296722638,0.714201451905625,0.0249302288045715,1.26374378019112,0.00121245387664019,0.0672199255202508,5,"",0.00180490292999846,0.107269104272513,FALSE,FALSE
client_c1_mean_prior,0.549117737089738,W,0.524296792129938,TRUE,5,5,0.524296792129938,0.696157504280007,0.0248209449598,1.56377767702385,4.82118979384306e-13,3.88184019373128e-08,5,"",9.64237958768612e-13,1.71807371537366e-07,FALSE,TRUE
client_c6_mean_prior,0.535587441789858,W,0.511846019857916,TRUE,5,5,0.511846019857916,0.672208483926194,0.0237414219319415,1.79548448055851,6.6675826481115e-19,4.11056601612447e-05,5,"",1.50595401190105e-18,0.000116955390220684,FALSE,TRUE
V61,0.534315384236967,W,0.512741653765234,TRUE,2,5,0.501450355654943,0.512741653765234,0.0215737304717334,0.913689514839159,0.141736327709382,0.0619120797310623,4,"",0.165044079377147,0.102048186591199,FALSE,FALSE
D5n,0.691822472017749,W,0.670267155272173,TRUE,3,5,0.550265252806231,0.693789308176101,0.0215553167455762,3.23909915922693,2.22874953863782e-56,0.477641064472398,4,"",7.78576505497478e-56,0.604001134438641,FALSE,FALSE
V20,0.528585629881969,W,0.507336464025884,TRUE,3,5,0.507336464025884,0.512257055340321,0.0212491658560855,0.895544104323028,0.0712184039061669,0.393381851521458,5,"",0.0859871973429297,0.513760997342232,FALSE,FALSE
V111,0.521957471189081,W,0.500796948356648,TRUE,5,5,0.500036654204237,0.551699520613615,0.0211605228324326,13.7414734536863,,,5,"",,,FALSE,FALSE
V113,0.522793967601887,W,0.502489080406089,TRUE,5,5,0.500036654204237,0.552018696069032,0.0203048871957979,13.1260556865648,,,5,"",,,FALSE,FALSE
V116,0.52019820921608,W,0.500189793990824,TRUE,5,5,0.500189793990824,0.546453403643337,0.0200084152252561,5.01480666016771,,,5,"",,,FALSE,FALSE
V114,0.519919683906886,W,0.500209163145423,TRUE,5,5,0.500209163145423,0.547765042790001,0.0197105207614624,6.11650364601259,,,5,"",,,FALSE,FALSE
V110,0.51934057742877,W,0.500103530927405,TRUE,5,5,0.500103530927405,0.547305177372963,0.0192370465013643,9.36478082905128,,,5,"",,,FALSE,FALSE
V112,0.523428718703935,W,0.504280515382871,TRUE,5,5,0.500036654204237,0.552018696069032,0.019148203321064,11.9622970519325,,,5,"",,,FALSE,FALSE
V108,0.519311439995908,W,0.500405074603273,TRUE,5,5,0.500405074603273,0.546445589645254,0.0189063653926352,12.3823585654324,,,5,"",,,FALSE,FALSE
card_txn_amt_avg_24h,0.5886801289353,W,0.570577636280611,TRUE,5,5,0.501041825642323,0.570577636280611,0.0181024926546884,0.755701319502508,7.9666964431058e-06,0.0340652352650216,5,"",1.30454654255857e-05,0.0594276731995632,FALSE,FALSE
V19,0.521326794318937,W,0.503816276071655,TRUE,3,5,0.502680650315471,0.508064516129032,0.0175105182472826,0.837966560688252,0.00292589730073226,0.739401658162674,5,"",0.00412142523006372,0.837521309482839,FALSE,FALSE
V115,0.521275242532846,W,0.503839837460426,TRUE,5,5,0.502396468728472,0.569120269401338,0.0174354050724198,3.93440287563788,,,5,"",,,FALSE,FALSE
V109,0.521492813032302,W,0.504987591201096,TRUE,5,5,0.501246242944066,0.547305177372963,0.0165052218312056,7.33492084715664,,,5,"",,,FALSE,FALSE
V62,0.557386574055124,W,0.542357058737909,TRUE,2,5,0.525128867411357,0.542357058737909,0.0150295153172153,1.00627349324429,0.922464909977009,0.0439789260027825,4,"",0.929560793899909,0.075618441112698,TRUE,FALSE
V290,0.547841135393122,W,0.53380338826767,TRUE,5,5,0.517619307289046,0.574098625814535,0.0140377471254513,1.8029009871416,,,5,"",,,FALSE,FALSE
D2,0.688189251606806,W,0.674408213820581,TRUE,4,5,0.511998426435877,0.790442647882815,0.0137810377862244,3.50304464619997,7.03442802738206e-77,0.00975262011879508,5,"",2.67104368575957e-76,0.0189502130763579,FALSE,TRUE
D2n,0.684239934139314,W,0.67072462616147,TRUE,4,5,0.553347586926845,0.79006243496358,0.0135153079778441,3.73617772790475,1.72675904939479e-83,0.000328869625031758,4,"",6.96016724525283e-83,0.000845159574006346,FALSE,TRUE
M4,0.70256705157303,W,0.689278886543728,TRUE,2,5,0.500635378715244,0.689278886543728,0.0132881650293015,1.66632335242234,3.86246399759081e-08,0.578593151529459,2,"",6.79171521724021e-08,0.695987142067331,FALSE,FALSE
D4,0.559737509776616,W,0.548924347711334,TRUE,3,5,0.548924347711334,0.804499404052443,0.0108131620652824,1.87645185681726,2.19738041339817e-17,0.23044146409326,3,"",4.83792998580101e-17,0.31835554866063,FALSE,FALSE
M4_is_M1,0.54588480373817,W,0.536378611311707,TRUE,2,5,0.501960604915827,0.536378611311707,0.00950619242646322,1.66632335242234,3.86246399759081e-08,0.578593151529459,2,"",6.79171521724021e-08,0.695987142067331,FALSE,FALSE
client_c9_mean_prior,0.50788258512874,W,0.500062027275238,TRUE,4,5,0.500062027275238,0.563294010889292,0.00782055785350144,1.53251217454137,0.000157573931325211,0.328034582173907,4,"",0.000247211796450331,0.435557028553132,FALSE,FALSE
V120,0.507053841280061,W,0.500357219404158,TRUE,5,5,0.500357219404158,0.540579239391991,0.00669662187590303,7.45294248775118,,,5,"",,,FALSE,FALSE
V122,0.507130939372744,W,0.500553690076445,TRUE,5,5,0.500513158859321,0.540579239391991,0.00657724929629888,7.037053574693,,,5,"",,,FALSE,FALSE
client_m8_mean_prior,0.507538097052199,W,0.501380544200741,TRUE,2,5,0.501380544200741,0.569981896356642,0.00615755285145869,,,,0,fewer than two usable strata,,,FALSE,FALSE
V119,0.506013806300191,W,0.500098235336143,TRUE,5,5,0.500098235336143,0.512860402684564,0.00591557096404793,5.93419246629778,,,5,"",,,FALSE,FALSE
V66,0.511087384672901,W,0.505260960110907,TRUE,2,5,0.505260960110907,0.509439201739894,0.00582642456199489,,,,0,fewer than two usable strata,,,FALSE,FALSE
V117,0.505855113057434,W,0.500062513395728,TRUE,5,5,0.500062513395728,0.512360498561841,0.00579259966170653,5.90341716603819,,,5,"",,,FALSE,FALSE
V118,0.50591669013904,W,0.500250053582911,TRUE,5,5,0.500250053582911,0.512860402684564,0.0056666365561292,5.53920219262609,,,5,"",,,FALSE,FALSE
V121,0.506656320889912,W,0.501366364220905,TRUE,5,5,0.500513158859321,0.540174872226605,0.00528995666900733,5.28861021679808,,,5,"",,,FALSE,FALSE
V55,0.52221827742842,W,0.517834233634519,TRUE,2,5,0.517834233634519,0.51902486139836,0.00438404379390034,Inf,0.766510691072144,,3,"",0.787552161023144,,FALSE,FALSE
V26,0.514166685890802,W,0.51057823734604,TRUE,3,5,0.51057823734604,0.535829493087558,0.00358844854476126,,,,0,fewer than two usable strata,,,FALSE,FALSE
card4,0.525553874546755,W,0.522495502221335,TRUE,5,5,0.505754074784276,0.591896795630026,0.00305837232541972,1.01694269176949,,,5,"",,,FALSE,FALSE
V25,0.503816617396044,W,0.500797716385713,TRUE,3,5,0.500797716385713,0.533755760368664,0.00301890101033042,1.61899387914302,,,5,"",,,FALSE,FALSE
V67,0.543878709283184,W,0.542397501888987,TRUE,2,5,0.534943603700429,0.542397501888987,0.00148120739419721,2.24607706010783,,,4,"",,,FALSE,FALSE
client_m9_mean_prior,0.506468739500625,W,0.505509721105613,TRUE,2,5,0.505509721105613,0.513747454175153,0.000959018395012001,1.15195387438287,0.84414833256166,0.854056402566364,3,"",0.860571451872199,0.912522252165374,FALSE,FALSE
client_c3_mean_prior,0.503632111261519,W,0.502963654558369,TRUE,4,5,0.502582121317205,0.57816091954023,0.000668456703149301,1.99658293212724,0.0433262474479191,0.0131575128682465,4,"",0.0540546515778801,0.024567543558679,FALSE,TRUE
V41,0.500610477316952,W,0.500037467216186,TRUE,3,5,0.500037467216186,0.514898688915376,0.00057301010076638,Inf,0.318606299488922,,4,"",0.349059525318155,,FALSE,FALSE
V88,0.500574926968736,W,0.500038827412153,TRUE,2,5,0.500038827412153,0.50010387451958,0.000536099556583403,Inf,0.51677563920213,,5,"",0.545948457544186,,FALSE,FALSE
client_d15n_std_prior,0.52273912382587,W,0.522295479126417,TRUE,3,5,0.522295479126417,0.662201956872803,0.000443644699452461,1.94308543859194,0.00106489226625346,0.00204922790400364,4,"",0.00159429585004804,0.00449326118400797,FALSE,TRUE
dist1,0.548417005805645,W,0.548417005805645,TRUE,1,5,0.548417005805645,0.548417005805645,0,,,,0,fewer than two usable strata,,,FALSE,FALSE
D11,0.560732454440844,W,0.560732454440844,TRUE,1,5,0.560732454440844,0.560732454440844,0,,,,1,fewer than two usable strata,,,FALSE,FALSE
M2,0.547983663257046,W,0.547983663257046,TRUE,1,5,0.547983663257046,0.547983663257046,0,,,,1,fewer than two usable strata,,,FALSE,FALSE
M3,0.576570520515026,W,0.576570520515026,TRUE,1,5,0.576570520515026,0.576570520515026,0,,,,1,fewer than two usable strata,,,FALSE,FALSE
M5,0.598320917246371,W,0.598320917246371,TRUE,1,5,0.598320917246371,0.598320917246371,0,,,,1,fewer than two usable strata,,,FALSE,FALSE
M6,0.577815200118239,W,0.577815200118239,TRUE,1,5,0.577815200118239,0.577815200118239,0,,,,0,fewer than two usable strata,,,FALSE,FALSE
M7,0.527198671538997,W,0.527198671538997,TRUE,1,5,0.527198671538997,0.527198671538997,0,,,,0,fewer than two usable strata,,,FALSE,FALSE
M8,0.542216722345772,W,0.542216722345772,TRUE,1,5,0.542216722345772,0.542216722345772,0,,,,0,fewer than two usable strata,,,FALSE,FALSE
M9,0.513558923515523,W,0.513558923515523,TRUE,1,5,0.513558923515523,0.513558923515523,0,,,,0,fewer than two usable strata,,,FALSE,FALSE
V1,0.500088065379738,W,0.500088065379738,TRUE,1,5,0.500088065379738,0.500088065379738,0,,,,1,fewer than two usable strata,,,FALSE,FALSE
V2,0.511088091799352,W,0.511088091799352,TRUE,1,5,0.511088091799352,0.511088091799352,0,,,,1,fewer than two usable strata,,,FALSE,FALSE
V3,0.547546755377859,W,0.547546755377859,TRUE,1,5,0.547546755377859,0.547546755377859,0,,,,1,fewer than two usable strata,,,FALSE,FALSE
V4,0.532405050843079,W,0.532405050843079,TRUE,1,5,0.532405050843079,0.532405050843079,0,,,,1,fewer than two usable strata,,,FALSE,FALSE
V5,0.558436039582453,W,0.558436039582453,TRUE,1,5,0.558436039582453,0.558436039582453,0,,,,1,fewer than two usable strata,,,FALSE,FALSE
V6,0.500096101345639,W,0.500096101345639,TRUE,1,5,0.500096101345639,0.500096101345639,0,,,,1,fewer than two usable strata,,,FALSE,FALSE
V7,0.542495141726551,W,0.542495141726551,TRUE,1,5,0.542495141726551,0.542495141726551,0,,,,1,fewer than two usable strata,,,FALSE,FALSE
V8,0.504965016027899,W,0.504965016027899,TRUE,1,5,0.504965016027899,0.504965016027899,0,,,,1,fewer than two usable strata,,,FALSE,FALSE
V9,0.535512731318398,W,0.535512731318398,TRUE,1,5,0.535512731318398,0.535512731318398,0,,,,1,fewer than two usable strata,,,FALSE,FALSE
V10,0.642387261636372,W,0.642387261636372,TRUE,1,5,0.642387261636372,0.642387261636372,0,,,,1,fewer than two usable strata,,,FALSE,FALSE
V11,0.64302577233338,W,0.64302577233338,TRUE,1,5,0.64302577233338,0.64302577233338,0,,,,1,fewer than two usable strata,,,FALSE,FALSE
D11n,0.568055971419848,W,0.568055971419848,TRUE,1,5,0.568055971419848,0.568055971419848,0,,,,1,fewer than two usable strata,,,FALSE,FALSE
V305,0.500010223694434,W,0.500017862565422,TRUE,1,5,0.500017862565422,0.500017862565422,-7.63887098753635e-06,,,,1,fewer than two usable strata,,,FALSE,FALSE
card6_is_debit_or_credit,0.500035780369867,W,0.500062513395728,TRUE,1,5,0.500062513395728,0.500062513395728,-2.6733025860981e-05,,,,1,fewer than two usable strata,,,FALSE,FALSE
V300,0.510177592374957,W,0.510444939475374,TRUE,5,5,0.502045158197507,0.568285019190868,-0.000267347100417759,1.64797395864393,,,5,"",,,FALSE,FALSE
client_d2n_std_prior,0.505849466818511,W,0.50622360524561,TRUE,1,5,0.50622360524561,0.50622360524561,-0.000374138427098991,Inf,0.0254629220668081,,2,"",0.0325428564951401,,FALSE,FALSE
V286,0.501099984356832,W,0.502332149421478,TRUE,5,5,0.502332149421478,0.530890574550213,-0.00123216506464618,0.605418478166043,,,5,"",,,FALSE,FALSE
V311,0.501098671075727,W,0.502376094044,TRUE,5,5,0.502376094044,0.530874284536846,-0.00127742296827349,0.602449289568433,,,5,"",,,FALSE,FALSE
V56,0.555958913643728,W,0.557605755277543,TRUE,2,5,0.500449985843142,0.557605755277543,-0.00164684163381523,Inf,0.766510691072144,,3,"",0.787552161023144,,TRUE,FALSE
V292,0.578654538571361,W,0.580658219266278,TRUE,5,5,0.517874868490659,0.610199996022618,-0.00200368069491763,2.24469648410869,,,5,"",,,FALSE,FALSE
V36,0.569908397586902,W,0.572026919787962,TRUE,1,5,0.572026919787962,0.572026919787962,-0.00211852220105979,,,,1,fewer than two usable strata,,,FALSE,FALSE
client_m6_mean_prior,0.561950974951194,W,0.566601634289239,TRUE,3,5,0.529596533983212,0.575954280344429,-0.0046506593380452,1.68068217346762,5.90457203982292e-11,0.0178020906022971,4,"",1.09716161307348e-10,0.0324786233125878,FALSE,TRUE
card4_is_discover,0.500081119648451,W,0.504915434078623,TRUE,4,5,0.500177574759717,0.513486639311117,-0.00483431443017157,1.56816825373238,,,4,"",,,FALSE,FALSE
client_m7_mean_prior,0.502650989445522,W,0.508341467281148,TRUE,2,5,0.508341467281148,0.523251866938221,-0.00569047783562549,5.00991505920598,7.46673110438974e-15,0.194130585630904,3,"",1.59047443036594e-14,0.275347852538927,FALSE,FALSE
card6_is_debit,0.573258951337069,W,0.578987865677898,TRUE,5,5,0.505313139241711,0.619491371045062,-0.00572891434082856,1.95656926254935,,,5,"",,,FALSE,FALSE
card6_is_credit,0.573310066151165,W,0.579050379073625,TRUE,5,5,0.505313139241711,0.61963518696069,-0.00574031292246069,1.95807068853457,,,5,"",,,FALSE,FALSE
client_d3n_std_prior,0.617558462362155,W,0.623517167386019,TRUE,2,5,0.623517167386019,0.659006671608599,-0.00595870502386331,3.64341431217224,7.87297135680844e-14,0.272866096307997,2,"",1.6370781710189e-13,0.372657125814921,FALSE,FALSE
card6,0.573553987995068,W,0.579766110086751,TRUE,5,5,0.505280088477158,0.619403211888782,-0.00621212209168331,1.95656926254935,,,5,"",,,FALSE,FALSE
client_m2_mean_prior,0.535723683522642,W,0.542050031621284,TRUE,3,5,0.528191972636417,0.542050031621284,-0.00632634809864152,,,,0,fewer than two usable strata,,,FALSE,FALSE
V101,0.578919375081112,W,0.585302324542573,TRUE,5,5,0.524233629935191,0.600521699933047,-0.00638294946146123,4.70574637992356,,,5,"",,,FALSE,FALSE
V104,0.506613201226885,W,0.513124771315187,TRUE,5,5,0.506110019175455,0.527856692656549,-0.00651157008830228,1.64261630739565,,,5,"",,,FALSE,FALSE
V301,0.515547935766958,W,0.522092511962783,TRUE,5,5,0.503799376797699,0.573661113799527,-0.0065445761958246,1.99157198136751,,,5,"",,,FALSE,FALSE
V135,0.50644480809774,W,0.513048167410229,TRUE,5,5,0.506115771812082,0.529588266073648,-0.00660335931248868,1.89623286254222,,,5,"",,,FALSE,FALSE
V132,0.578207470219886,W,0.585861928735337,TRUE,5,5,0.524313377595762,0.600412321929295,-0.00765445851545155,4.88356169145361,,,5,"",,,FALSE,FALSE
card4_is_mastercard,0.518961959081235,W,0.526617972998559,TRUE,5,5,0.505754074784276,0.573514216877973,-0.00765601391732451,0.99248164491579,,,5,"",,,FALSE,FALSE
V297,0.507694177725011,W,0.516336231237993,TRUE,5,5,0.505733460014216,0.539556599133746,-0.00864205351298231,1.44312710902656,,,5,"",,,FALSE,FALSE
V319,0.507626814363515,W,0.51629960789466,TRUE,5,5,0.505763156852744,0.541040456044707,-0.00867279353114492,1.57662361936277,,,5,"",,,FALSE,FALSE
client_d10n_std_prior,0.510454305086743,W,0.520312579141975,TRUE,3,5,0.520312579141975,0.591906526075805,-0.00985827405523221,1.86543665940236,0.00093989536206886,0.26671320693684,4,"",0.00142342534602336,0.366347450907498,FALSE,FALSE
card2,0.525635043014445,W,0.535969556667074,TRUE,5,5,0.506290850787437,0.622995917387128,-0.0103345136526296,1.51110078111037,,,5,"",,,FALSE,FALSE
V299,0.52184057119164,W,0.53250564916342,TRUE,5,5,0.510970945224822,0.541883414185396,-0.0106650779717805,2.04655859362178,,,5,"",,,FALSE,FALSE
V321,0.521659465747375,W,0.53243075857841,TRUE,5,5,0.510838365826334,0.543442764639377,-0.0107712928310348,2.22376525102401,,,5,"",,,FALSE,FALSE
addr1,0.517520317892563,W,0.528491156945759,TRUE,5,5,0.504606586548381,0.59945711764234,-0.0109708390531955,1.37507477152228,,,5,"",,,FALSE,FALSE
V29,0.650110664821417,W,0.661864637849199,TRUE,1,5,0.661864637849199,0.661864637849199,-0.0117539730277821,,,,1,fewer than two usable strata,,,FALSE,FALSE
V30,0.651590793518143,W,0.663660952709865,TRUE,1,5,0.663660952709865,0.663660952709865,-0.0120701591917221,,,,1,fewer than two usable strata,,,FALSE,FALSE
card4_is_visa,0.509544988432934,W,0.521702538919937,TRUE,5,5,0.505754074784276,0.598138585245239,-0.0121575504870032,1.00404938493442,,,5,"",,,FALSE,FALSE
client_m3_mean_prior,0.548293650517041,W,0.560661641862079,TRUE,3,5,0.560661641862079,0.573352573352573,-0.0123679913450381,,,,0,fewer than two usable strata,,,FALSE,FALSE
V69,0.650521128197206,W,0.662899787503813,TRUE,1,5,0.662899787503813,0.662899787503813,-0.0123786593066071,,,,1,fewer than two usable strata,,,FALSE,FALSE
V70,0.65163183054983,W,0.664029964914209,TRUE,1,5,0.664029964914209,0.664029964914209,-0.0123981343643794,,,,1,fewer than two usable strata,,,FALSE,FALSE
V106,0.509282250514876,W,0.521746959805293,TRUE,5,5,0.506368168744008,0.528248706947445,-0.0124647092904169,1.71888699021211,,,5,"",,,FALSE,FALSE
V137,0.509110555169846,W,0.521667551355206,TRUE,5,5,0.506387727708533,0.530165775750837,-0.0125569961853599,2.04325976587778,,,5,"",,,FALSE,FALSE
client_m5_mean_prior,0.571522233702928,W,0.585118371991602,TRUE,3,5,0.585118371991602,0.701762878242075,-0.0135961382886731,,,,0,fewer than two usable strata,,,FALSE,FALSE
V90,0.65466316586958,W,0.668551474010853,TRUE,1,5,0.668551474010853,0.668551474010853,-0.013888308141273,,,,1,fewer than two usable strata,,,FALSE,FALSE
V91,0.655236287004887,W,0.669162655770287,TRUE,1,5,0.669162655770287,0.669162655770287,-0.0139263687653999,,,,1,fewer than two usable strata,,,FALSE,FALSE
D1,0.526062861124694,W,0.540442523669005,TRUE,5,5,0.531124304889739,0.582142880817748,-0.0143796625443118,1.54276515075658,3.68555355942743e-16,2.28089593817815e-05,4,"",7.91487731614744e-16,6.56788107499492e-05,FALSE,TRUE
V282,0.595881462433998,W,0.61169139117504,TRUE,5,5,0.501643815915628,0.661816470338674,-0.0158099287410424,2.17048931147303,,,5,"",,,FALSE,FALSE
V298,0.536668907760977,W,0.553344958575626,TRUE,5,5,0.514134653677209,0.563475701510742,-0.0166760508146492,2.42947591492661,,,5,"",,,FALSE,FALSE
V320,0.535868612162893,W,0.552843467898787,TRUE,5,5,0.513842906024564,0.559780050777909,-0.0169748557358932,2.68486105225181,,,5,"",,,FALSE,FALSE
V48,0.646533974572886,W,0.66366633515787,TRUE,1,5,0.66366633515787,0.66366633515787,-0.0171323605849842,,,,1,fewer than two usable strata,,,FALSE,FALSE
V49,0.647310967623014,W,0.664788281924704,TRUE,1,5,0.664788281924704,0.664788281924704,-0.0174773143016903,,,,1,fewer than two usable strata,,,FALSE,FALSE
D3n,0.664613474492223,W,0.682154238549596,TRUE,2,5,0.500790896892508,0.682154238549596,-0.0175407640573727,3.26380569847098,6.78913873963451e-62,4.71526321234039e-05,2,"",2.50528781659752e-61,0.000132582106794042,FALSE,TRUE
client_d11n_std_prior,0.52467586000149,W,0.543632590872809,TRUE,1,5,0.543632590872809,0.543632590872809,-0.0189567308713193,3.16648116641889,0.000408724335753976,0.158322836054247,3,"",0.000633643644778353,0.230726572054665,FALSE,FALSE
V105,0.511378070115932,W,0.530631513068876,TRUE,5,5,0.504945211563575,0.530631513068876,-0.0192534429529437,1.78659512829626,,,5,"",,,FALSE,FALSE
V136,0.511165923123355,W,0.530463206469159,TRUE,5,5,0.5059859598417,0.531684140962053,-0.0192972833458036,2.07451291320951,,,5,"",,,FALSE,FALSE
V283,0.616374360123108,W,0.636049390971419,TRUE,5,5,0.52000196548418,0.688063876754191,-0.0196750308483111,2.50304890346675,,,5,"",,,FALSE,FALSE
V291,0.582489842725753,W,0.602615252441265,TRUE,5,5,0.516667756386252,0.669675114184007,-0.0201254097155126,2.01789821875105,,,5,"",,,FALSE,FALSE
seconds_since_prev_txn_card,0.554689158843395,W,0.575392808662035,TRUE,5,5,0.525901253523749,0.628488778689045,-0.0207036498186397,1.32385064095542,1.67818408734768e-11,0.0088734365702543,5,"",3.23297228591979e-11,0.0178214398343763,FALSE,TRUE
V296,0.538884916090575,W,0.560413223543836,TRUE,5,5,0.514134653677209,0.560671647232737,-0.0215283074532608,2.41508755145234,,,5,"",,,FALSE,FALSE
D3,0.70305027021456,W,0.727590250599939,TRUE,2,5,0.50166319829444,0.727590250599939,-0.0245399803853796,4.12694167314994,2.15534332737778e-112,3.40616423954998e-13,2,"",9.25737625857343e-112,2.39433309780131e-12,FALSE,TRUE
card_txn_amt_sum_24h,0.545471592250734,W,0.570754405092108,TRUE,5,5,0.504254922666004,0.605999012334649,-0.0252828128413736,1.269768905981,1.34490845655457e-07,0,5,"",2.33354977229998e-07,0,FALSE,TRUE
D1n,0.528624913449041,W,0.554744475266386,TRUE,5,5,0.504544158883151,0.647316961782544,-0.026119561817345,1.65586528156554,4.48027927375337e-35,0,5,"",1.26218620400364e-34,0,FALSE,TRUE
V103,0.595977075599841,W,0.62527382866944,TRUE,5,5,0.526771438251535,0.62527382866944,-0.0292967530695989,5.38208597461465,,,5,"",,,FALSE,FALSE
V95,0.589427861018469,W,0.620070990747678,TRUE,5,5,0.507662462330375,0.620070990747678,-0.0306431297292092,3.31943866475859,,,5,"",,,FALSE,FALSE
V134,0.595183281351365,W,0.626091789932213,TRUE,5,5,0.526828400866228,0.626091789932213,-0.0309085085808477,5.54018126266362,,,5,"",,,FALSE,FALSE
V293,0.571452087119662,W,0.604008803702642,TRUE,5,5,0.526546090454456,0.604008803702642,-0.0325567165829801,2.93630624487058,,,5,"",,,FALSE,FALSE
V126,0.587535395092198,W,0.620582875308466,TRUE,5,5,0.509994462243198,0.620582875308466,-0.0330474802162675,3.66532329242129,,,5,"",,,FALSE,FALSE
V316,0.571388351199766,W,0.604742541624777,TRUE,5,5,0.527118259154027,0.604742541624777,-0.0333541904250109,2.99997657506213,,,5,"",,,FALSE,FALSE
C13,0.514589758364913,W,0.548022006003184,TRUE,5,5,0.533832310642373,0.731064636221881,-0.0334322476382711,2.46461535984121,2.73964708747704e-114,0,5,"",1.19631256153164e-113,0,FALSE,TRUE
client_txn_count_24h,0.595829414060394,W,0.62938667226245,TRUE,5,5,0.500903612067734,0.62938667226245,-0.0335572582020561,2.19961608373806,,,5,"",,,FALSE,FALSE
C14,0.508539943796166,W,0.542287855055414,TRUE,5,5,0.532678571428569,0.725928342021369,-0.033747911259248,2.43219110084062,1.02910188392297e-121,0,5,"",4.64870161358307e-121,0,FALSE,TRUE
seconds_since_prev_txn_client,0.572498327994213,W,0.606402653274838,TRUE,5,5,0.50389956248811,0.619951120218854,-0.0339043252806256,2.28380671420716,1.38565512181355e-24,0.048005030104685,5,"",3.45753944681096e-24,0.0813702283334732,FALSE,FALSE
V281,0.537468307226603,W,0.571885058657866,TRUE,5,5,0.503932649385695,0.571885058657866,-0.0344167514312633,2.09396690928527,,,5,"",,,FALSE,FALSE
V284,0.530706428472813,W,0.565753976005389,TRUE,5,5,0.500644420536657,0.565753976005389,-0.0350475475325758,1.53918613573359,,,5,"",,,FALSE,FALSE
V309,0.531316236626005,W,0.567340117583134,TRUE,5,5,0.500790046699437,0.567340117583134,-0.0360238809571292,1.62392783270044,,,5,"",,,FALSE,FALSE
V98,0.520002064352128,W,0.556552542636203,TRUE,5,5,0.505528593251268,0.556552542636203,-0.0365504782840754,2.17938630996564,,,5,"",,,FALSE,FALSE
V129,0.52037575550713,W,0.557609186788331,TRUE,5,5,0.505449836244866,0.557609186788331,-0.0372334312812,2.43157273683709,,,5,"",,,FALSE,FALSE
client_amt_avg_prior,0.548188691708493,W,0.586223563713021,TRUE,5,5,0.517950668949339,0.708453175040289,-0.0380348720045277,1.57389924964075,3.00457935871769e-13,0.00133441980898263,5,"",6.10232396886849e-13,0.00306659936871971,FALSE,TRUE
client_c5_mean_prior,0.616098909794109,W,0.655419937361642,TRUE,4,5,0.519697796634023,0.655419937361642,-0.0393210275675333,5.06526511367951,8.2299914360982e-58,0.614850161658797,4,"",2.95377774829826e-57,0.72513782726647,FALSE,FALSE
client_c14_mean_prior,0.513360042945541,W,0.552841046589942,TRUE,5,5,0.501799758015729,0.571091934492853,-0.0394810036444015,1.59983716203953,3.80596127821857e-07,2.1610815290507e-05,5,"",6.51739774440043e-07,6.298762017599e-05,FALSE,TRUE
V53,0.540930114387689,W,0.580711840173553,TRUE,1,5,0.580711840173553,0.580711840173553,-0.0397817257858641,,,,1,fewer than two usable strata,,,FALSE,FALSE
card_txn_count_1h,0.536888113263786,W,0.576866811999156,TRUE,5,5,0.505013205420067,0.591453269076518,-0.0399786987353694,1.16465524276301,0.000129894407180849,0,5,"",0.000205014064345678,0,FALSE,TRUE
card_txn_count_24h,0.530349779493688,W,0.573347497613679,TRUE,5,5,0.512993277570752,0.573347497613679,-0.0429977181199914,1.30917105590709,2.94033631525285e-11,2.63122856836162e-14,5,"",5.58237764200178e-11,1.96519883699509e-13,FALSE,TRUE
client_txn_count_prior,0.624432922839366,W,0.671423463924,TRUE,5,5,0.502557093205948,0.671423463924,-0.0469905410846332,2.60807193627342,,,5,"",,,FALSE,FALSE
client_c13_mean_prior,0.517450103377011,W,0.567193682194845,TRUE,5,5,0.504489252425337,0.574030213471458,-0.0497435788178341,1.98723739383376,1.97009733902761e-25,1.07902350388045e-08,5,"",4.96312983485802e-25,5.15773234854855e-08,FALSE,TRUE
V102,0.606675618872533,W,0.656537228633569,TRUE,5,5,0.526540368166715,0.656537228633569,-0.0498616097610356,5.4755367970861,,,5,"",,,FALSE,FALSE
V133,0.60565126792704,W,0.657200507793819,TRUE,5,5,0.526601293398083,0.657200507793819,-0.0515492398667787,5.74925022123666,,,5,"",,,FALSE,FALSE
V99,0.505432669983173,W,0.557583335830028,TRUE,5,5,0.508109491850432,0.563512160845326,-0.0521506658468552,0.701491862225455,2.21042143039461e-10,1.61059699088639e-06,5,"",4.07838320255907e-10,5.49903829745497e-06,FALSE,TRUE
V295,0.607579712143744,W,0.660508250657958,TRUE,5,5,0.540443951759105,0.660508250657958,-0.0529285385142134,3.96340316124593,,,5,"",,,FALSE,FALSE
V288,0.540741570569103,W,0.593885706939912,TRUE,5,5,0.501766088719025,0.627282851517703,-0.0531441363708093,1.62598611486086,,,5,"",,,FALSE,FALSE
V279,0.589357317953331,W,0.643140083423943,TRUE,5,5,0.507261453657363,0.643140083423943,-0.0537827654706117,2.31351168278658,,,5,"",,,FALSE,FALSE
V318,0.606816490869269,W,0.661400590874682,TRUE,5,5,0.540328788212008,0.661400590874682,-0.0545841000054135,4.07238058758862,,,5,"",,,FALSE,FALSE
V306,0.588737751723555,W,0.64433984957686,TRUE,5,5,0.508418477084614,0.64433984957686,-0.0556020978533052,2.76360069333763,,,5,"",,,FALSE,FALSE
C5,0.610074990678547,W,0.665852631202214,TRUE,1,5,0.665852631202214,0.665852631202214,-0.0557776405236667,,,,1,fewer than two usable strata,,,FALSE,FALSE
V97,0.595406169988984,W,0.651336881757937,TRUE,5,5,0.50695587824464,0.651336881757937,-0.0559307117689527,3.16707184444574,,,5,"",,,FALSE,FALSE
V313,0.542132974440321,W,0.599489764274506,TRUE,5,5,0.501502327046642,0.629536701291986,-0.0573567898341852,2.27022715681972,,,5,"",,,FALSE,FALSE
V289,0.54557641223974,W,0.602946319548822,TRUE,5,5,0.502158635433322,0.626192385965145,-0.0573699073090817,1.70847830605886,,,5,"",,,FALSE,FALSE
V12,0.528351144912602,W,0.587715839642674,TRUE,1,5,0.587715839642674,0.587715839642674,-0.0593646947300719,,,,1,fewer than two usable strata,,,FALSE,FALSE
V128,0.592835712024211,W,0.653108439203357,TRUE,5,5,0.509483037028672,0.653108439203357,-0.0602727271791455,3.17368647119088,,,5,"",,,FALSE,FALSE
V315,0.546221348321903,W,0.606715077465098,TRUE,5,5,0.501913943853684,0.629699111055133,-0.0604937291431953,2.31197354790698,,,5,"",,,FALSE,FALSE
V96,0.56478651734957,W,0.626214164691566,TRUE,5,5,0.508698191263619,0.646851570734424,-0.0614276473419965,2.46940818718346,2.31875226687956e-97,5.45075429236874e-10,5,"",9.79859828907167e-97,2.83202233886115e-09,FALSE,TRUE
V75,0.535731513725174,W,0.60058343024746,TRUE,1,5,0.60058343024746,0.60058343024746,-0.064851916522286,,,,1,fewer than two usable strata,,,FALSE,FALSE
V100,0.526695431293072,W,0.593100086912091,TRUE,5,5,0.508109491850432,0.593100086912091,-0.0664046556190188,2.12540003285296,,,5,"",,,FALSE,FALSE
V314,0.546500112201773,W,0.614077864204839,TRUE,5,5,0.502024154129938,0.620362206916667,-0.0675777520030659,2.6588361200753,,,5,"",,,FALSE,FALSE
V130,0.50218617029523,W,0.570847292229459,TRUE,5,5,0.508097651006711,0.570847292229459,-0.0686611219342296,1.90552528570358,,,5,"",,,FALSE,FALSE
V131,0.528114765827106,W,0.598753592359655,TRUE,5,5,0.508097651006711,0.598753592359655,-0.0706388265325497,2.61784224401087,,,5,"",,,FALSE,FALSE
V127,0.56363301020008,W,0.63444443706357,TRUE,5,5,0.511103004257832,0.640517589971693,-0.0708114268634907,2.47228620242933,5.83151591432734e-94,1.79150250190219e-10,5,"",2.4251701104028e-93,9.51486884343606e-10,FALSE,TRUE
V54,0.531959304942069,W,0.606736880659115,TRUE,1,5,0.606736880659115,0.606736880659115,-0.0747775757170465,,,,1,fewer than two usable strata,,,FALSE,FALSE
TransactionAmt,0.508445109961218,W,0.584097175065584,TRUE,5,5,0.512369657878863,0.830010732612277,-0.0756520651043663,1.65760461853731,1.41832503582395e-32,0,5,"",3.83093978748326e-32,0,FALSE,TRUE
V294,0.625337262527137,W,0.701066086712892,TRUE,5,5,0.540245325598306,0.701066086712892,-0.0757288241857544,4.14453261832472,,,5,"",,,FALSE,FALSE
V317,0.624003452448883,W,0.701276471805055,TRUE,5,5,0.540139820929352,0.701276471805055,-0.0772730193561719,4.64155921204671,,,5,"",,,FALSE,FALSE
V280,0.615947662771125,W,0.694072519507396,TRUE,5,5,0.530223125038388,0.694072519507396,-0.0781248567362713,2.55814973824661,,,5,"",,,FALSE,FALSE
V76,0.534759525981323,W,0.614253458593941,TRUE,1,5,0.614253458593941,0.614253458593941,-0.079493932612618,,,,1,fewer than two usable strata,,,FALSE,FALSE
V308,0.613006896062965,W,0.695795121594411,TRUE,5,5,0.53276762027037,0.695795121594411,-0.0827882255314467,2.98002111604172,,,5,"",,,FALSE,FALSE
V287,0.557281543209408,W,0.640592829057859,TRUE,5,5,0.504016111999398,0.640592829057859,-0.083311285848451,1.97616162290315,,,5,"",,,FALSE,FALSE
V285,0.517520083291631,W,0.602708980067512,TRUE,5,5,0.506642088536744,0.606650182628121,-0.0851888967758814,1.38420626776497,1.86183821672774e-11,0,5,"",3.5605957137421e-11,0,FALSE,TRUE
V13,0.521794632875518,W,0.607366233197125,TRUE,1,5,0.607366233197125,0.607366233197125,-0.0855716003216064,,,,1,fewer than two usable strata,,,FALSE,FALSE
V312,0.558582941111984,W,0.647173676096647,TRUE,5,5,0.503799406400022,0.647173676096647,-0.0885907349846632,2.94468117221289,,,5,"",,,FALSE,FALSE
V310,0.520204197064945,W,0.616844692382721,TRUE,5,5,0.506365943687254,0.616844692382721,-0.0966404953177759,2.121063458342,5.5266594350177e-43,0,5,"",1.7237913952079e-42,0,FALSE,TRUE
V307,0.583458737750293,W,0.682911644599619,TRUE,5,5,0.53384916695891,0.698113395159526,-0.0994529068493262,3.23623178562251,,,5,"",,,FALSE,FALSE
