feature,verdict,auc_train,auc_holdout,delta,auc_train_lo,auc_train_hi,auc_holdout_lo,auc_holdout_hi,dxy_train,dxy_holdout,iv_train,iv_holdout,woe_rho,woe_flip_mass,p_delong,unstable,n_train,n_holdout,null_rate_train,null_rate_holdout,note,p_delong_bh
M1,degenerate,,,,,,,,,,,,,,,FALSE,100392,100393,0.68600087656387,0.282380245634656,constant in the training window,
V107,degenerate,,,,,,,,,,,,,,,FALSE,100392,100393,0,0.000747064038329366,constant in the training window,
V305,degenerate,,,,,,,,,,,,,,,FALSE,100392,100393,0.000109570483703881,0,AUC not estimable on the scored window,
client_m1_mean_prior,degenerate,,,,,,,,,,,,,,,FALSE,100392,100393,0.803181528408638,0.441694142021854,constant in the training window,
V150,inverted,0.5646,0.4673,-0.0973,0.5571,0.5722,0.461,0.4737,0.0987,0.3334,0.1367,0.0377,,1,2.54334631677811e-83,FALSE,100392,100393,0.6833,0.8936,"",3.24765760450127e-82
V151,inverted,0.565,0.4673,-0.0977,0.5575,0.5725,0.461,0.4737,-0.0244,0.2159,0.1383,0.0377,,1,3.16504202320565e-84,FALSE,100392,100393,0.6833,0.8936,"",4.92559664861379e-83
V152,inverted,0.5648,0.4673,-0.0975,0.5573,0.5723,0.461,0.4737,0.0378,0.1749,0.1308,0.0372,,1,1.19784409530315e-83,FALSE,100392,100393,0.6833,0.8936,"",1.65701766516936e-82
V159,inverted,0.5647,0.4673,-0.0974,0.5572,0.5722,0.461,0.4737,-0.183,-0.0827,0.1403,0.0377,,1,1.67420823200906e-83,FALSE,100392,100393,0.6833,0.8936,"",2.25339378254193e-82
V160,inverted,0.5649,0.4673,-0.0976,0.5574,0.5724,0.461,0.4737,-0.1106,-0.1068,0.1479,0.0377,,1,3.91086770118635e-84,FALSE,100392,100393,0.6833,0.8936,"",5.90185489451758e-83
V86,inverted,0.5328,0.4664,-0.0664,0.5239,0.5417,0.4603,0.4726,0.162,0.2548,0.0289,0.0426,-1,1,3.96534942415622e-33,FALSE,100392,100393,0.3405,0.0951,"",8.29724375306637e-33
V87,inverted,0.5318,0.4664,-0.0653,0.5229,0.5406,0.4603,0.4726,0.2251,0.2771,0.0215,0.0425,-1,1,2.12470691285911e-32,FALSE,100392,100393,0.3405,0.0951,"",4.40876684418265e-32
client_m5_mean_prior,inverted,0.5475,0.4606,-0.0869,0.5385,0.5564,0.4525,0.4687,0.143,0.0021,0.06,0.0297,-0.2,1,2.92463468407837e-45,FALSE,100392,100393,0.8126,0.6219,"",7.24610981428372e-45
client_d2n_std_prior,inverted,0.5407,0.4142,-0.1264,0.5332,0.5481,0.4071,0.4213,-0.0117,0.0501,0.069,0.1497,0.5798,0.9999,7.21677303835093e-128,FALSE,100392,100393,0.8992,0.6187,"",5.98992162183127e-126
V55,inverted,0.527,0.4442,-0.0828,0.5185,0.5355,0.4376,0.4509,0.0444,0.098,0.0145,0.1098,0.5,0.9998,6.78998912728004e-51,FALSE,100392,100393,0.3026,0.087,"",1.92125828715083e-50
V56,inverted,0.527,0.4442,-0.0828,0.5185,0.5355,0.4376,0.4509,0.1119,0.1202,0.0145,0.1098,0.5,0.9998,6.78998912728004e-51,FALSE,100392,100393,0.3026,0.087,"",1.92125828715083e-50
V65,inverted,0.527,0.4442,-0.0828,0.5185,0.5355,0.4375,0.4509,5e-04,2e-04,0.0151,0.1103,0.5,0.9998,6.61054588074614e-51,FALSE,100392,100393,0.3026,0.087,"",1.89198382104114e-50
V88,inverted,0.5313,0.4672,-0.0642,0.5225,0.5401,0.461,0.4733,0.0011,5e-04,0.0194,0.0413,0.5,0.9996,1.42023006659865e-31,FALSE,100392,100393,0.3405,0.0951,"",2.92262220316582e-31
V68,inverted,0.5273,0.4443,-0.083,0.5188,0.5358,0.4377,0.451,-0.0013,-6e-04,0.0167,0.1106,0.4,0.9995,3.29829904252529e-51,FALSE,100392,100393,0.3026,0.087,"",9.60557265016138e-51
V163,inverted,0.5777,0.4696,-0.1081,0.5698,0.5856,0.4632,0.476,0.1133,0.0107,0.1648,0.0557,-0.2088,0.9994,6.090835353222e-97,FALSE,100392,100393,0.6833,0.8937,"",1.89577250369035e-95
V334,inverted,0.5654,0.4619,-0.1034,0.5575,0.5732,0.4556,0.4683,0.0255,-0.0598,0.093,0.0649,-0.4917,0.9994,2.51346610088984e-89,FALSE,100392,100393,0.682,0.8929,"",5.21544215934642e-88
V89,inverted,0.5317,0.4672,-0.0645,0.5229,0.5405,0.461,0.4734,-0.0022,-9e-04,0.0215,0.0417,0.2,0.9994,5.74009232348533e-32,FALSE,100392,100393,0.3405,0.0951,"",1.1861269614505e-31
V77,inverted,0.5313,0.4676,-0.0638,0.5225,0.5401,0.4614,0.4737,0.1109,0.1935,0.0187,0.0424,0.5,0.9989,3.12461733440172e-31,FALSE,100392,100393,0.3405,0.0951,"",6.37729275627892e-31
V78,inverted,0.5313,0.4676,-0.0638,0.5225,0.5401,0.4614,0.4737,0.1536,0.2126,0.0187,0.0424,0.5,0.9989,3.12461733440172e-31,FALSE,100392,100393,0.3405,0.0951,"",6.37729275627892e-31
V138,inverted,0.5682,0.4734,-0.0948,0.5603,0.5761,0.467,0.4797,0.0556,0.0465,0.1192,0.0698,0.4863,0.9986,6.0354652536445e-75,FALSE,100392,100393,0.6833,0.8937,"",4.17453013377078e-74
V161,inverted,0.5779,0.4685,-0.1094,0.57,0.5857,0.4621,0.4748,0.1137,0.0121,0.1698,0.0536,-0.139,0.9985,1.92896587769076e-99,FALSE,100392,100393,0.6833,0.8937,"",7.38942313146153e-98
V153,pass,0.6046,0.5089,-0.0957,0.597,0.6122,0.5023,0.5155,0.3565,0.2521,0.4074,0.2398,0.8571,0.9981,4.67328356163281e-77,TRUE,100392,100393,0.6833,0.8937,"",3.58045417491252e-76
V154,pass,0.6049,0.5108,-0.0941,0.5972,0.6125,0.5042,0.5174,0.3595,0.2615,0.4198,0.2504,0.8815,0.998,1.47767892202374e-74,TRUE,100392,100393,0.6833,0.8937,"",1.00806041529839e-73
V335,inverted,0.5674,0.4646,-0.1028,0.5596,0.5752,0.4582,0.471,0.0569,-0.1039,0.0975,0.0545,-0.4602,0.9977,4.86874482337962e-88,FALSE,100392,100393,0.682,0.8929,"",8.65941043586803e-87
V142,inverted,0.5761,0.4717,-0.1044,0.5682,0.584,0.4653,0.4781,0.1128,0.0111,0.1366,0.042,-0.7568,0.9975,1.24889347133408e-90,FALSE,100392,100393,0.6833,0.8937,"",2.82704067601988e-89
V155,pass,0.6198,0.5172,-0.1026,0.6122,0.6274,0.5105,0.5238,0.4223,0.2864,0.5139,0.2786,0.7842,0.9974,2.02335982886504e-88,TRUE,100392,100393,0.6833,0.8937,"",3.87551228759535e-87
V148,pass,0.614,0.5143,-0.0997,0.6064,0.6216,0.5077,0.5209,0.3975,0.2736,0.5278,0.2488,0.9421,0.9972,1.74396218083448e-83,TRUE,100392,100393,0.6833,0.8937,"",2.28550833172519e-82
V162,inverted,0.5776,0.473,-0.1045,0.5697,0.5855,0.4666,0.4795,0.113,0.0311,0.1644,0.0553,-0.0221,0.9971,1.82870789889109e-90,FALSE,100392,100393,0.6833,0.8937,"",3.95955014629461e-89
client_c3_mean_prior,inverted,0.5242,0.3967,-0.1275,0.5145,0.5339,0.3883,0.4051,-0.0073,-0.0015,0.0176,0.1859,0.4842,0.9971,9.70735419148083e-85,FALSE,100392,100393,0.6172,0.3733,"",1.55943947979273e-83
V149,pass,0.6224,0.5163,-0.1061,0.6148,0.63,0.5096,0.5229,0.435,0.2833,0.5963,0.2552,0.8994,0.997,1.34051526740057e-94,TRUE,100392,100393,0.6833,0.8937,"",3.51356106929203e-93
V339,inverted,0.5657,0.4695,-0.0962,0.5579,0.5735,0.463,0.476,0.034,-0.0549,0.096,0.0664,-0.1474,0.9966,6.48164838166843e-77,FALSE,100392,100393,0.682,0.8929,"",4.89069832434982e-76
V141,inverted,0.5763,0.4718,-0.1045,0.5684,0.5841,0.4654,0.4782,0.1134,0.0126,0.1392,0.0391,0.3,0.9965,1.01802661901283e-90,FALSE,100392,100393,0.6833,0.8937,"",2.41417741080186e-89
V337,inverted,0.5654,0.4723,-0.093,0.5575,0.5732,0.4658,0.4788,0.031,-0.0597,0.0944,0.0616,-0.0994,0.9963,1.05191910505406e-71,FALSE,100392,100393,0.682,0.8929,"",6.23637755139194e-71
id_14,inverted,0.5573,0.474,-0.0833,0.5495,0.565,0.4679,0.4801,0.0235,0.1957,0.0849,0.0448,0.0286,0.9948,7.21401859718834e-62,FALSE,100392,100393,0.6964,0.8974,"",2.80670411046859e-61
V325,inverted,0.5611,0.4639,-0.0972,0.5532,0.569,0.4576,0.4703,0.025,-0.0592,0.0808,0.0484,0.3929,0.9926,4.59926181393258e-79,FALSE,100392,100393,0.682,0.8929,"",4.77173413195505e-78
id_34,inverted,0.5616,0.489,-0.0726,0.5541,0.5692,0.4828,0.4952,,,0.1038,0.0326,-0.4,0.9858,4.81221894229693e-48,FALSE,100392,100393,0.7007,0.8987,"",1.26130791224414e-47
V328,inverted,0.5607,0.4643,-0.0964,0.5529,0.5686,0.458,0.4707,0.0302,-0.0529,0.0802,0.1157,0.0055,0.9851,5.374607554606e-78,FALSE,100392,100393,0.682,0.8929,"",4.38779436425211e-77
V330,inverted,0.5608,0.4563,-0.1044,0.5529,0.5686,0.4501,0.4626,0.0332,-0.0468,0.0803,0.1302,0.6612,0.984,1.87962290983719e-92,FALSE,100392,100393,0.682,0.8929,"",4.6802610454946e-91
V329,inverted,0.5609,0.4612,-0.0997,0.553,0.5687,0.4549,0.4675,0.0339,-0.0132,0.0822,0.1393,0.0552,0.9835,5.37370816484251e-84,FALSE,100392,100393,0.682,0.8929,"",7.87090195909285e-83
V327,inverted,0.5653,0.473,-0.0923,0.5575,0.5731,0.4665,0.4795,0.0632,-0.124,0.094,0.1046,0.4185,0.9813,2.12849396559822e-70,FALSE,100392,100393,0.682,0.8929,"",1.11577894196622e-69
V326,inverted,0.5654,0.4793,-0.0861,0.5576,0.5733,0.4729,0.4857,0.0567,-0.1049,0.1013,0.1335,0.0904,0.9801,2.8902407086234e-62,FALSE,100392,100393,0.682,0.8929,"",1.16075796201166e-61
V336,inverted,0.568,0.4672,-0.1008,0.5601,0.5758,0.4607,0.4737,0.0634,-0.1236,0.1003,0.0783,-0.1764,0.9801,8.41132515629572e-84,FALSE,100392,100393,0.682,0.8929,"",1.19681140795293e-82
V164,inverted,0.5749,0.4931,-0.0818,0.5674,0.5824,0.4866,0.4996,-0.0205,0.0203,0.1569,0.1326,0.9,0.9786,6.40036942622284e-59,FALSE,100392,100393,0.6833,0.8936,"",2.26055601011275e-58
V338,inverted,0.5665,0.4736,-0.093,0.5587,0.5743,0.467,0.4801,0.0348,-0.0222,0.0987,0.0747,-0.1959,0.9783,2.16121849372213e-71,FALSE,100392,100393,0.682,0.8929,"",1.2230531930382e-70
V165,pass,0.5832,0.4989,-0.0843,0.5758,0.5907,0.4924,0.5054,0.0103,0.0329,0.1937,0.1276,0.8,0.9756,1.58756920800295e-62,TRUE,100392,100393,0.6833,0.8936,"",6.42771923240217e-62
V166,pass,0.5791,0.4954,-0.0837,0.5716,0.5866,0.4888,0.502,-0.0095,0.1101,0.1646,0.0425,0.3,0.9747,9.99965460832727e-61,TRUE,100392,100393,0.6833,0.8936,"",3.68876147773851e-60
V143,pass,0.5827,0.5054,-0.0774,0.5753,0.5902,0.4988,0.5119,-0.0235,0.0124,0.1861,0.1354,0.9,0.9746,1.13688125399477e-52,TRUE,100392,100393,0.6833,0.8936,"",3.4734163465607e-52
id_32,pass,0.57,0.5142,-0.0558,0.5627,0.5773,0.508,0.5203,0.2712,0.1914,0.1531,0.044,0.8,0.9745,2.79331877979037e-30,TRUE,100392,100393,0.7013,0.9004,"",5.67784796871675e-30
V331,inverted,0.5693,0.4777,-0.0917,0.5616,0.5771,0.4712,0.4842,0.1364,-0.011,0.1082,0.0386,-0.5,0.9709,1.55133467485599e-70,FALSE,100392,100393,0.682,0.8929,"",8.39744204432919e-70
V333,inverted,0.5739,0.4809,-0.093,0.5662,0.5817,0.4744,0.4875,0.1698,-8e-04,0.1189,0.0376,-0.5,0.9707,3.03726953653445e-72,FALSE,100392,100393,0.682,0.8929,"",1.91463320151159e-71
V144,pass,0.5858,0.5115,-0.0744,0.5784,0.5933,0.5049,0.5181,-0.0107,0.1137,0.191,0.0552,-0.4,0.9681,1.32879505591044e-48,TRUE,100392,100393,0.6833,0.8936,"",3.53871624515186e-48
V332,inverted,0.5755,0.483,-0.0925,0.5678,0.5833,0.4765,0.4896,0.1693,-0.009,0.1242,0.0374,-0.5,0.9681,1.78634756245042e-71,FALSE,100392,100393,0.682,0.8929,"",1.02252998402334e-70
V145,pass,0.5968,0.5192,-0.0776,0.5894,0.6042,0.5126,0.5258,0.0375,0.1222,0.2368,0.0597,0.5,0.9654,2.96426833596577e-53,TRUE,100392,100393,0.6833,0.8936,"",9.22628519569347e-53
V322,pass,0.5643,0.4956,-0.0687,0.5566,0.572,0.489,0.5022,0.1314,-5e-04,0.1026,0.0382,0.5,0.9649,2.46501230840828e-40,TRUE,100392,100393,0.682,0.8929,"",5.57989149812419e-40
V324,pass,0.5677,0.5017,-0.0659,0.56,0.5753,0.4951,0.5083,0.1667,0.0073,0.1138,0.0392,0.5,0.9593,1.84332140308917e-37,TRUE,100392,100393,0.682,0.8929,"",4.09809847651074e-37
V323,pass,0.5652,0.5022,-0.063,0.5576,0.5728,0.4956,0.5088,0.166,-0.0024,0.1107,0.0385,0.5,0.9559,1.89847388861596e-34,TRUE,100392,100393,0.682,0.8929,"",4.02314892140744e-34
client_c10_mean_prior,inverted,0.5299,0.4004,-0.1295,0.5199,0.5399,0.3911,0.4096,0.0731,0.1116,0.0155,0.2476,-0.8,0.9518,4.37097844119112e-77,FALSE,100392,100393,0.6172,0.3733,"",3.40116759955184e-76
client_c8_mean_prior,inverted,0.5287,0.405,-0.1237,0.5187,0.5388,0.3958,0.4142,0.0731,0.1109,0.0138,0.224,-0.8,0.9515,8.12697220901589e-71,FALSE,100392,100393,0.6172,0.3733,"",4.49692462232212e-70
id_30,inverted,0.5829,0.4827,-0.1001,0.5755,0.5902,0.4768,0.4887,,,0.1939,0.0701,0.3484,0.9425,1.30800511070672e-95,FALSE,100392,100393,0.7014,0.9004,"",3.61881413962193e-94
id_33,pass,0.5795,0.5068,-0.0727,0.5725,0.5865,0.5006,0.513,,,0.2503,0.0859,0.5121,0.9418,8.62005397958062e-53,TRUE,100392,100393,0.7241,0.9004,"",2.66632725579574e-52
client_c4_mean_prior,inverted,0.5337,0.4092,-0.1245,0.5236,0.5438,0.4,0.4183,0.0858,0.113,0.0214,0.2253,0,0.9368,1.55288899527776e-71,FALSE,100392,100393,0.6172,0.3733,"",9.09810258409794e-71
V139,pass,0.6099,0.5329,-0.077,0.6025,0.6173,0.5263,0.5395,0.4224,0.3179,0.269,0.125,0.4,0.9289,4.83143464316534e-52,TRUE,100392,100393,0.6833,0.8937,"",1.4494303929496e-51
V157,pass,0.6167,0.5248,-0.0918,0.6091,0.6242,0.5182,0.5315,0.4222,0.3109,0.3746,0.2207,0.8545,0.9289,1.64867454492523e-71,TRUE,100392,100393,0.6833,0.8937,"",9.5469758531717e-71
V140,pass,0.6173,0.5338,-0.0835,0.6099,0.6247,0.5272,0.5404,0.4643,0.3195,0.3084,0.1216,0.4,0.9288,1.64839967708846e-61,TRUE,100392,100393,0.6833,0.8937,"",6.31463876300039e-61
V156,pass,0.6272,0.5192,-0.108,0.6196,0.6348,0.5126,0.5259,0.4559,0.2962,0.5917,0.2868,0.7816,0.9288,3.85730174290049e-98,TRUE,100392,100393,0.6833,0.8937,"",1.37209733426032e-96
V158,pass,0.6236,0.5268,-0.0968,0.6161,0.6311,0.5201,0.5334,0.456,0.3201,0.4398,0.2321,0.7678,0.9288,1.41146070275446e-79,TRUE,100392,100393,0.6833,0.8937,"",1.6346684417947e-78
client_d10n_std_prior,inverted,0.5473,0.4381,-0.1093,0.5387,0.556,0.4305,0.4456,0.0209,-0.0098,0.0892,0.1872,-0.3214,0.9273,2.15997421230057e-77,FALSE,100392,100393,0.8377,0.5121,"",1.70740818686616e-76
client_d15n_std_prior,inverted,0.5384,0.4336,-0.1047,0.5302,0.5465,0.4257,0.4416,0.0455,-0.0177,0.0484,0.1888,-0.4286,0.8956,6.564312678789e-73,FALSE,100392,100393,0.8501,0.5143,"",4.30135225531174e-72
V146,pass,0.6065,0.5254,-0.0811,0.5988,0.6142,0.5188,0.532,0.3219,0.3404,0.2675,0.1603,0.2118,0.8937,2.29428401183929e-55,TRUE,100392,100393,0.6833,0.8937,"",7.41917816815562e-55
V147,pass,0.6112,0.5261,-0.0851,0.6036,0.6189,0.5195,0.5328,0.3538,0.3394,0.2945,0.1665,0.5667,0.8937,3.7705442217243e-61,TRUE,100392,100393,0.6833,0.8937,"",1.4333824598616e-60
client_d5n_std_prior,inverted,0.5307,0.4658,-0.0649,0.5239,0.5375,0.4589,0.4727,-0.1553,-0.2212,0.0537,0.173,0.3091,0.8481,4.7377601024663e-39,FALSE,100392,100393,0.9184,0.6618,"",1.05802893768082e-38
client_c9_mean_prior,inverted,0.5331,0.4204,-0.1127,0.5229,0.5432,0.4121,0.4287,-0.0158,-0.1007,0.0173,0.2147,-0.0857,0.8474,7.52983610283935e-64,FALSE,100392,100393,0.6172,0.3733,"",3.31845874266725e-63
V82,pass,0.5553,0.5169,-0.0385,0.5453,0.5653,0.5089,0.5248,0.0869,0.0895,0.0598,0.1256,0.8571,0.8221,3.76612053195342e-09,TRUE,100392,100393,0.3405,0.0951,"",5.51625889680236e-09
client_c14_mean_prior,inverted,0.5426,0.4257,-0.1169,0.5326,0.5527,0.4175,0.434,-0.0267,-0.1921,0.0346,0.2595,-0.1905,0.8221,2.22100749698658e-69,FALSE,100392,100393,0.6172,0.3733,"",1.09511062722705e-68
V61,inverted,0.5447,0.4799,-0.0647,0.5344,0.5549,0.4709,0.4889,0.0686,0.0971,0.0512,0.1723,0.381,0.8103,1.55728618072668e-20,FALSE,100392,100393,0.3026,0.087,"",2.85120778677165e-20
V83,pass,0.5639,0.5205,-0.0434,0.5538,0.5739,0.5121,0.5289,0.1108,0.1017,0.0948,0.1365,-0.15,0.8098,8.21169555732306e-11,TRUE,100392,100393,0.3405,0.0951,"",1.27000757377232e-10
D1n,pass,0.5944,0.5343,-0.06,0.5838,0.6049,0.5295,0.5391,0.0572,0.3077,0.1262,0.253,0.0424,0.7835,3.32405803405923e-24,TRUE,100392,100393,0,4e-04,"",6.41620504248643e-24
M5,pass,0.5567,0.5147,-0.042,0.547,0.5664,0.5068,0.5225,0.1966,0.0373,0.0645,0.0369,0.5,0.7623,4.58201955229815e-11,TRUE,100392,100393,0.6895,0.5678,"",7.1756155252971e-11
V46,pass,0.5616,0.516,-0.0456,0.5514,0.5717,0.5076,0.5244,0.0814,0.0752,0.1288,0.12,0.9429,0.7394,1.30347003697818e-11,TRUE,100392,100393,0.4617,0.2464,"",2.06072405846074e-11
client_c13_mean_prior,inverted,0.5626,0.4516,-0.111,0.5525,0.5727,0.4438,0.4594,-0.0349,-0.2007,0.0793,0.2648,-0.2121,0.7187,4.42196446696719e-65,FALSE,100392,100393,0.6172,0.3733,"",2.05807318182211e-64
client_amt_deviation_prior,inverted,0.5342,0.4155,-0.1187,0.5238,0.5445,0.4063,0.4247,0.0561,0.0384,0.0225,0.2131,0.0061,0.708,2.78894892841437e-63,FALSE,100392,100393,0.6172,0.3733,"",1.17703098843251e-62
client_d3n_std_prior,pass,0.5488,0.5754,0.0266,0.5412,0.5565,0.5686,0.5823,-0.2351,-0.2459,0.1026,0.2296,0.6364,0.6511,3.93436631830486e-07,FALSE,100392,100393,0.8963,0.605,"",5.28117096095908e-07
client_c1_mean_prior,inverted,0.5367,0.4904,-0.0463,0.5262,0.5472,0.4825,0.4984,0.0982,-0.0616,0.0409,0.1895,-0.3143,0.6336,5.29146455819156e-12,FALSE,100392,100393,0.6172,0.3733,"",8.4190075079214e-12
client_c2_mean_prior,pass,0.5482,0.4956,-0.0526,0.5378,0.5587,0.4877,0.5035,0.1579,-0.0218,0.0595,0.1844,0.0286,0.6288,4.07186662816191e-15,TRUE,100392,100393,0.6172,0.3733,"",6.85064047575888e-15
client_amt_avg_prior,inverted,0.5428,0.48,-0.0628,0.5324,0.5532,0.4717,0.4884,0.0964,0.1127,0.0389,0.2475,0.2091,0.6101,2.94547140542034e-20,FALSE,100392,100393,0.6172,0.3733,"",5.37305772856897e-20
D3n,inverted,0.6045,0.4406,-0.1639,0.5948,0.6141,0.4322,0.449,0.3292,0.2936,0.1903,0.0949,0.6879,0.5984,1.66463271842654e-139,FALSE,100392,100393,0.5661,0.3809,"",1.65797418755283e-137
client_c6_mean_prior,inverted,0.5368,0.414,-0.1229,0.5264,0.5473,0.4056,0.4223,0.0712,-0.0584,0.045,0.1931,-0.75,0.5278,1.50768729634192e-72,FALSE,100392,100393,0.6172,0.3733,"",9.62600350741382e-72
client_c11_mean_prior,inverted,0.5321,0.4313,-0.1008,0.5218,0.5424,0.4229,0.4398,0.0993,-0.0249,0.0316,0.1949,0.7714,0.524,1.71773111171224e-49,FALSE,100392,100393,0.6172,0.3733,"",4.72613311399279e-49
client_m2_mean_prior,inverted,0.5198,0.3983,-0.1214,0.5114,0.5281,0.3896,0.407,-0.0714,-0.1389,0.0145,0.2354,-0.5,0.5189,2.93022965554285e-86,FALSE,100392,100393,0.8032,0.4417,"",4.86418122820114e-85
M4_is_M2,pass,0.6969,0.6728,-0.0241,0.6869,0.7068,0.6634,0.6821,0.2163,0.3128,0.5888,0.5317,1,0.446,0.000542060257560338,TRUE,100392,100393,0.5766,0.4579,"",0.00064580384752404
V283,pass,0.6121,0.6482,0.0361,0.6015,0.6227,0.6397,0.6567,0.2327,0.3021,0.2182,0.3215,1,0.4383,1.8922711311383e-07,FALSE,100392,100393,0,4e-04,"",2.5747295718767e-07
seconds_since_prev_txn_client,pass,0.5642,0.6104,0.0462,0.5541,0.5743,0.6031,0.6177,-0.145,-0.3493,0.0804,0.4426,0.6455,0.4314,3.00087225032348e-13,FALSE,100392,100393,0.6172,0.3733,"",4.91590256796412e-13
D2n,pass,0.6115,0.5088,-0.1027,0.6025,0.6205,0.5013,0.5163,0.3685,0.3701,0.2436,0.3288,0.8636,0.4086,1.85916883288278e-66,TRUE,100392,100393,0.5765,0.4182,"",8.81777217881549e-66
C13,pass,0.6422,0.5913,-0.0509,0.6313,0.6531,0.5803,0.6022,-0.0292,-0.2895,0.3004,0.4338,0.4286,0.4051,9.76869962993771e-11,TRUE,100392,100393,0,0,"",1.50148531349043e-10
client_c5_mean_prior,pass,0.5827,0.5602,-0.0225,0.5734,0.592,0.5528,0.5676,-0.2322,-0.2838,0.1439,0.354,0.7,0.3926,0.00020174332656897,TRUE,100392,100393,0.6172,0.3733,"",0.000245044333247188
client_d11n_std_prior,inverted,0.523,0.4436,-0.0794,0.5168,0.5292,0.4362,0.451,0.0494,-0.0427,0.0367,0.1395,-0.1071,0.3822,4.89034610115914e-58,FALSE,100392,100393,0.9247,0.5664,"",1.6795809368119e-57
client_c12_mean_prior,inverted,0.5287,0.4089,-0.1198,0.5186,0.5388,0.3995,0.4184,0.0762,0.1094,0.0788,0.2218,0.0862,0.3735,6.06128860681779e-65,FALSE,100392,100393,0.6172,0.3733,"",2.7692859873351e-64
client_c7_mean_prior,inverted,0.5287,0.3951,-0.1336,0.5187,0.5388,0.3868,0.4035,0.0763,-8e-04,0.0933,0.1856,0.012,0.3735,8.29903419224689e-89,FALSE,100392,100393,0.6172,0.3733,"",1.65316761109558e-87
client_txn_count_prior,pass,0.6841,0.6589,-0.0252,0.6733,0.695,0.6486,0.6693,0.2489,0.0105,0.5005,0.6003,0.7,0.367,0.00100253892803663,TRUE,100392,100393,0.0908,0.1041,"",0.00117473973214645
M4,pass,0.7026,0.6759,-0.0267,0.6925,0.7126,0.6663,0.6854,,,0.6074,0.5349,1,0.3497,0.000160357516868126,TRUE,100392,100393,0.5766,0.4579,"",0.000195730498530213
M4_is_M0,pass,0.6827,0.6555,-0.0273,0.6731,0.6924,0.6464,0.6645,-0.1245,-0.2269,0.4955,0.3523,1,0.3497,5.52152981814992e-05,TRUE,100392,100393,0.5766,0.4579,"",6.97898946558036e-05
card4,inverted,0.5256,0.4895,-0.036,0.5162,0.5349,0.4816,0.4975,,,0.0235,0.0197,-0.6,0.3334,9.35866905250987e-09,FALSE,100392,100393,1e-04,0.0074,"",1.34699918732657e-08
card4_is_mastercard,inverted,0.5193,0.4842,-0.0351,0.5101,0.5285,0.4764,0.4921,0.0379,-0.0287,0.0093,0.006,-1,0.3334,1.32361684679646e-08,FALSE,100392,100393,1e-04,0.0074,"",1.89414134972597e-08
client_m6_mean_prior,inverted,0.5338,0.4888,-0.045,0.5246,0.5429,0.4813,0.4963,-0.1239,-0.0517,0.0233,0.2145,0,0.332,9.32831467829941e-14,FALSE,100392,100393,0.7287,0.4331,"",1.53824526814341e-13
V127,pass,0.557,0.4969,-0.0601,0.5468,0.5671,0.4878,0.5059,0.1273,2e-04,0.0656,0.0163,0.4,0.2665,4.20596185722368e-18,TRUE,100392,100393,0,7e-04,"",7.42754966275671e-18
V96,pass,0.5627,0.4988,-0.0639,0.5526,0.5728,0.4899,0.5077,0.1296,-0.0018,0.0731,0.0036,0.5,0.2626,1.55154250001861e-20,TRUE,100392,100393,0,7e-04,"",2.85117404062461e-20
C14,pass,0.6308,0.6046,-0.0262,0.6198,0.6418,0.5944,0.6148,-0.0171,-0.2135,0.2764,0.4103,0.3,0.2531,0.000632872644202778,TRUE,100392,100393,0,0,"",0.000748623697893072
TransactionAmt,pass,0.5855,0.5614,-0.0241,0.575,0.596,0.5523,0.5706,0.0169,-0.052,0.1123,0.1483,0.7697,0.2134,0.000681639580637925,TRUE,100392,100393,0,0,"",0.000804399315539542
client_m3_mean_prior,inverted,0.5206,0.4008,-0.1198,0.5122,0.5291,0.3917,0.4099,-0.0966,-0.1234,0.0166,0.224,-0.2,0.2046,8.88286107073875e-80,FALSE,100392,100393,0.8032,0.4417,"",1.05325352695902e-78
V187,pass,0.5946,0.7019,0.1073,0.5833,0.6059,0.693,0.7109,0.3178,0.3262,0.5898,1.0861,0.8247,0.1862,2.67687237562323e-48,FALSE,100392,100393,0.6035,0.7983,"",7.09086405883176e-48
V130,pass,0.5171,0.5136,-0.0034,0.5092,0.525,0.5068,0.5204,-0.0044,-0.1182,0.0078,0.0709,0.5,0.1843,0.518019199053472,FALSE,100392,100393,0,7e-04,"",0.529719838046466
D15,pass,0.6137,0.6301,0.0164,0.6035,0.6239,0.6217,0.6385,-0.2284,-0.3002,0.1849,0.3589,0.6905,0.184,0.015117874579886,FALSE,100392,100393,0.3405,0.095,"",0.0165465967929302
V190,pass,0.5932,0.7047,0.1115,0.582,0.6044,0.6957,0.7137,0.3068,0.3832,0.4809,1.1597,-0.0645,0.1836,6.67005009873881e-52,FALSE,100392,100393,0.6035,0.7983,"",1.97719342212615e-51
V199,pass,0.597,0.7064,0.1094,0.5856,0.6084,0.6973,0.7155,0.3451,0.419,0.4967,1.1678,-0.1297,0.1763,4.98023260362004e-49,FALSE,100392,100393,0.6035,0.7983,"",1.34791078076238e-48
card_txn_amt_avg_24h,pass,0.6048,0.6012,-0.0035,0.5932,0.6163,0.591,0.6114,-0.1774,-0.155,0.1626,0.2076,0.7273,0.175,0.65251137726489,FALSE,100392,100393,0.2035,0.2218,"",0.664520789116391
V177,pass,0.5922,0.6979,0.1058,0.581,0.6034,0.6891,0.7068,0.298,0.2548,0.3311,0.8941,-0.0215,0.1747,8.67882465503291e-48,FALSE,100392,100393,0.6035,0.7983,"",2.26285585246408e-47
V253,pass,0.5723,0.6788,0.1065,0.5614,0.5832,0.6702,0.6874,0.2446,0.0951,0.3117,0.6889,0.3481,0.1704,4.40187134992485e-51,FALSE,100392,100393,0.6154,0.8228,"",1.26712828454484e-50
V176,pass,0.5921,0.6904,0.0983,0.5809,0.6033,0.6812,0.6995,0.2955,0.3103,0.3444,0.8713,0.1863,0.1682,2.40868819996963e-40,FALSE,100392,100393,0.6035,0.7983,"",5.47729097527341e-40
V242,pass,0.5793,0.689,0.1096,0.5681,0.5905,0.68,0.6979,0.321,0.3344,0.5392,1.0898,0.4797,0.1648,6.88744867580124e-51,FALSE,100392,100393,0.6154,0.8228,"",1.93782454268306e-50
V244,pass,0.5831,0.5033,-0.0798,0.5719,0.5944,0.4923,0.5144,0.3367,0.3548,0.5966,1.0989,0.3511,0.1642,2.84178037430411e-23,TRUE,100392,100393,0.6154,0.8228,"",5.42224761074117e-23
V211,pass,0.5942,0.695,0.1008,0.583,0.6055,0.686,0.7041,0.2933,0.2537,0.3691,0.7842,0.3744,0.1639,7.30598188049917e-43,FALSE,100392,100393,0.6035,0.7983,"",1.7001770918171e-42
V285,inverted,0.5176,0.4462,-0.0714,0.508,0.5273,0.4377,0.4547,0.035,-0.1092,0.0093,0.058,-0.5,0.1623,9.88507990473171e-28,FALSE,100392,100393,1e-04,0,"",1.96910791702256e-27
V243,pass,0.6009,0.5094,-0.0915,0.5897,0.6121,0.4983,0.5205,0.3793,0.3587,0.5888,1.0914,0.4198,0.1612,4.83367574135192e-30,TRUE,100392,100393,0.6154,0.8228,"",9.78524601298071e-30
V212,pass,0.5943,0.6998,0.1055,0.583,0.6056,0.6909,0.7086,0.3346,0.2776,0.3558,0.7786,1,0.1604,6.51654458654544e-47,FALSE,100392,100393,0.6035,0.7983,"",1.66422523287161e-46
V213,pass,0.597,0.6988,0.1018,0.5857,0.6083,0.6898,0.7077,0.3234,0.272,0.4019,0.7993,0.5716,0.1604,2.69358979373238e-43,FALSE,100392,100393,0.6035,0.7983,"",6.35738254634467e-43
V179,pass,0.5952,0.7022,0.1069,0.5839,0.6066,0.6932,0.7111,0.3277,0.2725,0.3752,0.8887,0.7469,0.1589,1.17856426795994e-47,FALSE,100392,100393,0.6035,0.7983,"",3.05690107002109e-47
V246,pass,0.5958,0.5494,-0.0464,0.5845,0.607,0.5383,0.5605,0.3675,0.4425,0.5765,1.2071,-0.0062,0.1587,8.23704656856884e-09,TRUE,100392,100393,0.6154,0.8228,"",1.18899976554994e-08
V178,pass,0.5958,0.7007,0.1049,0.5844,0.6071,0.6918,0.7096,0.338,0.2774,0.3745,0.7922,1,0.1576,4.36283600003447e-46,FALSE,100392,100393,0.6035,0.7983,"",1.09731935758443e-45
M3,pass,0.5594,0.6891,0.1297,0.5517,0.5671,0.6807,0.6975,-0.1531,-0.1111,0.0924,0.5462,1,0.1564,9.89345532529094e-110,FALSE,100392,100393,0.686,0.2824,"",4.92694075199489e-108
V257,pass,0.6148,0.5744,-0.0403,0.6036,0.6259,0.5634,0.5855,0.4154,0.479,0.6237,1.2137,0.3257,0.1517,4.68795607407474e-07,TRUE,100392,100393,0.6154,0.8228,"",6.27581216368069e-07
V263,pass,0.574,0.685,0.111,0.563,0.585,0.6762,0.6938,0.4083,0.3959,0.2378,0.7068,1,0.1506,8.74606019681394e-54,FALSE,100392,100393,0.6154,0.8228,"",2.77422801147347e-53
V231,pass,0.5989,0.5476,-0.0513,0.5878,0.6101,0.5365,0.5587,0.3649,0.3698,0.4071,0.893,0.6412,0.1502,1.60443709929076e-10,TRUE,100392,100393,0.6154,0.8228,"",2.45094992468342e-10
V273,pass,0.6004,0.5458,-0.0547,0.5893,0.6116,0.5347,0.5568,0.3599,0.3685,0.4478,0.8551,0.7936,0.1481,9.57209835179862e-12,TRUE,100392,100393,0.6154,0.8228,"",1.5181226048394e-11
V258,pass,0.6323,0.5901,-0.0422,0.6213,0.6434,0.5792,0.6011,0.4607,0.5026,0.7188,1.24,0.4698,0.1465,1.07351253256371e-07,TRUE,100392,100393,0.6154,0.8228,"",1.4809120255311e-07
V275,pass,0.6109,0.5556,-0.0553,0.5997,0.622,0.5445,0.5666,0.3869,0.3844,0.4818,0.8673,0.7801,0.1462,4.79487393126456e-12,TRUE,100392,100393,0.6154,0.8228,"",7.65335646721074e-12
V233,pass,0.6093,0.5573,-0.052,0.5982,0.6205,0.5463,0.5684,0.3917,0.3859,0.4518,0.9086,0.8109,0.1449,7.5857428587509e-11,TRUE,100392,100393,0.6154,0.8228,"",1.18053123239311e-10
V274,pass,0.6147,0.5626,-0.0521,0.6037,0.6258,0.5516,0.5736,0.4071,0.3978,0.4454,0.8582,0.5,0.1442,5.82657480842881e-11,TRUE,100392,100393,0.6154,0.8228,"",9.09603214607382e-11
id_38,inverted,0.6033,0.3607,-0.2426,0.5932,0.6133,0.3506,0.3707,0.1554,-0.1277,0.168,0.6621,-0.5,0.144,4.81308345080591e-244,FALSE,100392,100393,0.5953,0.7982,"",2.39691555850134e-241
V228,pass,0.5952,0.5461,-0.0491,0.584,0.6063,0.535,0.5572,0.3561,0.3768,0.3945,0.8806,0.1236,0.1433,9.9776037567554e-10,TRUE,100392,100393,0.6154,0.8228,"",1.50116213621275e-09
V232,pass,0.6161,0.5655,-0.0507,0.6051,0.6272,0.5545,0.5764,0.4117,0.3991,0.4505,0.858,0.5,0.1432,1.85739013935416e-10,TRUE,100392,100393,0.6154,0.8228,"",2.82868590030083e-10
V170,pass,0.6146,0.5795,-0.035,0.6033,0.6258,0.5683,0.5908,0.3509,0.3854,0.3545,0.8549,0.8,0.1407,1.59828641432275e-05,TRUE,100392,100393,0.6035,0.7986,"",2.05140885137301e-05
V307,pass,0.5761,0.5146,-0.0615,0.5656,0.5866,0.5055,0.5237,0.1669,0.0292,0.1361,0.0241,0.4,0.1397,3.87045225241069e-18,TRUE,100392,100393,1e-04,0,"",6.85937801316913e-18
V167,pass,0.5984,0.5659,-0.0326,0.5871,0.6097,0.5546,0.5771,0.3415,0.2769,0.3009,0.7527,0.5,0.1378,6.22975817484214e-05,TRUE,100392,100393,0.6035,0.7983,"",7.81465886919745e-05
V230,pass,0.6142,0.5668,-0.0474,0.6031,0.6252,0.5558,0.5777,0.408,0.4115,0.4272,0.8149,0.5,0.1378,2.33555772472952e-09,TRUE,100392,100393,0.6154,0.8228,"",3.44114718022278e-09
D15n,pass,0.619,0.5724,-0.0466,0.6084,0.6295,0.5649,0.5799,0.2227,0.3368,0.1957,0.3493,-0.4273,0.1371,1.76764233597296e-12,TRUE,100392,100393,0.3405,0.095,"",2.84882162884962e-12
V204,pass,0.6079,0.5684,-0.0395,0.5966,0.6191,0.5571,0.5796,0.372,0.2748,0.3279,0.745,0.8,0.1346,1.15710734767044e-06,TRUE,100392,100393,0.6035,0.7983,"",1.54074721695154e-06
V203,pass,0.6079,0.5657,-0.0422,0.5966,0.6192,0.5544,0.5769,0.3813,0.2648,0.3327,0.7328,0.8,0.1326,2.1133893972543e-07,TRUE,100392,100393,0.6035,0.7983,"",2.85221658491231e-07
V310,pass,0.5297,0.5,-0.0297,0.5204,0.539,0.4922,0.5078,0.0404,-0.0996,0.0195,0.0939,0.4,0.1326,1.54720007014784e-06,TRUE,100392,100393,1e-04,0,"",2.0383746955916e-06
V229,pass,0.6212,0.5798,-0.0414,0.6103,0.6322,0.569,0.5907,0.4274,0.4253,0.4239,0.8074,0.5,0.132,1.51344116843578e-07,TRUE,100392,100393,0.6154,0.8228,"",2.07058709307972e-07
D10n,pass,0.6121,0.5763,-0.0358,0.6016,0.6226,0.5699,0.5828,0.2176,0.3709,0.1928,0.3703,0.4273,0.1297,1.25246415411122e-08,TRUE,100392,100393,0.3094,0.0815,"",1.79748457852274e-08
V168,pass,0.6156,0.5848,-0.0307,0.6043,0.6268,0.5737,0.596,0.3833,0.2842,0.3542,0.7577,0.8,0.1287,0.000143139122688592,TRUE,100392,100393,0.6035,0.7983,"",0.000175143201717246
V264,pass,0.6277,0.5899,-0.0378,0.6168,0.6385,0.5791,0.6007,0.4642,0.4185,0.3832,0.7902,0.8,0.1247,1.31859881536102e-06,TRUE,100392,100393,0.6154,0.8228,"",1.74180957572888e-06
V265,pass,0.6291,0.5951,-0.034,0.6183,0.64,0.5844,0.6059,0.4512,0.4148,0.3854,0.8015,0.8,0.1244,1.2813685863229e-05,TRUE,100392,100393,0.6154,0.8228,"",1.65745858698391e-05
V217,pass,0.6247,0.5989,-0.0259,0.614,0.6355,0.5881,0.6096,0.4222,0.4191,0.3655,0.8048,0.5,0.1239,0.000857212033915673,TRUE,100392,100393,0.6154,0.8228,"",0.00100696828327582
V171,pass,0.6167,0.5914,-0.0253,0.6055,0.6279,0.5803,0.6025,0.3668,0.319,0.3511,0.7745,0.4,0.1198,0.00166680476127296,TRUE,100392,100393,0.6035,0.7986,"",0.00194851824205148
card5,pass,0.6016,0.5961,-0.0055,0.5909,0.6122,0.587,0.6052,-0.1125,-0.078,0.1694,0.169,0.75,0.118,0.444447951064953,FALSE,100392,100393,0.0053,0.0102,"",0.456360988928549
V219,pass,0.6409,0.6168,-0.024,0.6302,0.6516,0.6062,0.6274,0.4655,0.4392,0.4312,0.8386,0.8,0.1173,0.00175860845680627,TRUE,100392,100393,0.6154,0.8228,"",0.00204146156524364
D2,pass,0.6097,0.6348,0.0251,0.6005,0.6188,0.6273,0.6422,-0.3764,-0.3755,0.2374,0.4374,0.9364,0.1167,3.03845516672798e-05,FALSE,100392,100393,0.5765,0.4182,"",3.86007824752687e-05
null_count_V_block,pass,0.6245,0.6996,0.0752,0.6128,0.6361,0.69,0.7092,-0.1179,-0.3667,0.2835,0.7317,0.4286,0.1127,1.85178179706608e-22,FALSE,100392,100393,0,0,"",3.47995220731663e-22
V218,pass,0.6443,0.625,-0.0193,0.6336,0.6549,0.6145,0.6355,0.4775,0.4396,0.4327,0.8283,0.8,0.1112,0.0113837024220246,FALSE,100392,100393,0.6154,0.8228,"",0.0125422208101067
ProductCD,pass,0.6622,0.668,0.0057,0.6514,0.6731,0.6581,0.6779,,,0.5031,0.7359,0.8,0.1071,0.443867669218511,FALSE,100392,100393,0,0,"",0.456360988928549
V66,inverted,0.5405,0.4603,-0.0802,0.531,0.5501,0.4525,0.4682,0.0222,0.0517,0.0621,0.1791,0.6429,0.1044,8.47733515459723e-37,FALSE,100392,100393,0.3026,0.087,"",1.86801456061479e-36
id_17,pass,0.6424,0.6294,-0.0131,0.6313,0.6535,0.6189,0.6398,0.4234,0.2602,0.4639,0.7286,0.6,0.1039,0.0920248233392682,FALSE,100392,100393,0.6005,0.8029,"",0.0979238504764008
V67,inverted,0.5565,0.4742,-0.0823,0.5463,0.5667,0.4657,0.4827,0.0878,0.0827,0.1756,0.2229,0.8703,0.1016,7.32758144479813e-34,FALSE,100392,100393,0.3026,0.087,"",1.53971964536264e-33
id_35,pass,0.6383,0.6189,-0.0195,0.6272,0.6494,0.6082,0.6295,-0.4001,-0.2544,0.4182,0.7304,0.5,0.1015,0.013290716790485,FALSE,100392,100393,0.5953,0.7982,"",0.0146109866703345
card1,pass,0.5875,0.5436,-0.0439,0.5763,0.5986,0.5337,0.5535,-0.0853,-0.0369,0.0986,0.0707,0.6121,0.1007,7.89215982992304e-09,TRUE,100392,100393,0,0,"",1.14252778933188e-08
V221,pass,0.6369,0.6234,-0.0135,0.6261,0.6477,0.6125,0.6342,0.2471,0.2114,0.3612,0.7825,0.8,0.0999,0.0825850274172568,FALSE,100392,100393,0.5947,0.7961,"",0.0882561022613603
V91,pass,0.6585,0.637,-0.0215,0.6504,0.6666,0.6309,0.6432,-0.3105,-0.3073,0.4797,0.5689,0.3571,0.0977,3.49658713391743e-05,TRUE,100392,100393,0.3405,0.0951,"",4.43078980328468e-05
V25,inverted,0.5294,0.4609,-0.0685,0.5195,0.5393,0.4544,0.4674,0.0076,0.0057,0.0629,0.0657,-0.3714,0.0963,1.03755575139217e-29,FALSE,100392,100393,0.3095,0.0815,"",2.08347888787622e-29
V79,pass,0.6419,0.7023,0.0603,0.6306,0.6533,0.6934,0.7111,0.3405,0.3837,0.433,0.7773,0.5021,0.0962,1.77761143767149e-16,FALSE,100392,100393,0.3405,0.0951,"",3.06315050505329e-16
V92,pass,0.6232,0.7019,0.0787,0.6119,0.6345,0.6932,0.7107,0.2954,0.3867,0.3053,0.744,0.6905,0.0962,3.50393808046791e-27,FALSE,100392,100393,0.3405,0.0951,"",6.92444906378182e-27
V93,pass,0.6239,0.7032,0.0793,0.6126,0.6352,0.6944,0.712,0.2979,0.3877,0.3151,0.7539,0.5523,0.0962,1.95227528441423e-27,FALSE,100392,100393,0.3405,0.0951,"",3.87343861210473e-27
V222,pass,0.6455,0.6425,-0.0029,0.6349,0.6561,0.632,0.6531,0.2724,0.235,0.3881,0.8069,0.8,0.0957,0.701616004796858,FALSE,100392,100393,0.5947,0.7961,"",0.711618676963004
V84,pass,0.6034,0.6952,0.0919,0.592,0.6147,0.6864,0.7041,0.2555,0.3746,0.2452,0.7064,0.4,0.0956,5.54265553498062e-36,FALSE,100392,100393,0.3405,0.0951,"",1.20534605083858e-35
V75,pass,0.5719,0.6181,0.0462,0.561,0.5828,0.6098,0.6263,-0.0715,-0.2313,0.1205,0.254,0.6,0.0951,4.01227807364416e-11,FALSE,100392,100393,0.3405,0.0951,"",6.323147090743e-11
V76,pass,0.575,0.6242,0.0492,0.564,0.586,0.616,0.6325,-0.0695,-0.2365,0.1154,0.2849,0.7143,0.0951,2.16165484531891e-12,FALSE,100392,100393,0.3405,0.0951,"",3.47259391280263e-12
V80,pass,0.6083,0.7012,0.0929,0.5969,0.6196,0.6924,0.71,0.2682,0.3826,0.274,0.7461,0.2485,0.0951,9.07615923387882e-37,FALSE,100392,100393,0.3405,0.0951,"",1.99115740020778e-36
V81,pass,0.6105,0.7011,0.0906,0.5991,0.6219,0.6923,0.7099,0.2738,0.3824,0.2863,0.7334,0.4795,0.0951,6.46783414197526e-35,FALSE,100392,100393,0.3405,0.0951,"",1.38239545180415e-34
V85,pass,0.6057,0.6969,0.0912,0.5944,0.6171,0.6881,0.7057,0.2622,0.3735,0.2565,0.6967,0.5357,0.0951,1.34625003526102e-35,FALSE,100392,100393,0.3405,0.0951,"",2.90230527082246e-35
V90,pass,0.6578,0.6371,-0.0207,0.6497,0.6659,0.631,0.6432,-0.3093,-0.308,0.4785,0.5648,0.9429,0.0951,6.18100322421572e-05,TRUE,100392,100393,0.3405,0.0951,"",7.77307981227128e-05
V94,pass,0.6411,0.7067,0.0656,0.6298,0.6524,0.698,0.7154,0.3369,0.3946,0.4111,0.751,1,0.0951,1.83190863684262e-19,FALSE,100392,100393,0.3405,0.0951,"",3.29346751316832e-19
V26,inverted,0.5194,0.4591,-0.0603,0.51,0.5288,0.4528,0.4654,0.0283,0.0158,0.0093,0.0629,-1,0.0936,1.47733501453577e-25,FALSE,100392,100393,0.3095,0.0815,"",2.89650723322368e-25
V320,inverted,0.5432,0.4931,-0.0501,0.5365,0.5499,0.4877,0.4985,0.0717,0.0111,0.0918,0.0348,-0.2387,0.093,6.71065338233679e-30,FALSE,100392,100393,1e-04,0,"",1.35299813133754e-29
card_txn_count_1h,pass,0.5375,0.5362,-0.0013,0.5271,0.548,0.5274,0.545,0.0738,0.0591,0.0217,0.0392,0,0.0916,0.850775678663426,FALSE,100392,100393,0,0,"",0.857378527866593
V12,pass,0.5622,0.6144,0.0522,0.5513,0.573,0.6061,0.6226,-0.0567,-0.2278,0.1042,0.2605,0.6,0.0894,5.8383685499975e-14,FALSE,100392,100393,0.3095,0.0815,"",9.69169179299584e-14
V62,pass,0.5573,0.5118,-0.0455,0.5466,0.5679,0.5034,0.5201,0.1148,0.1174,0.1078,0.2014,-0.7167,0.089,4.47786359739394e-11,TRUE,100392,100393,0.3026,0.087,"",7.03462483123717e-11
D4,pass,0.5982,0.5632,-0.0349,0.588,0.6084,0.5549,0.5716,-0.1195,-0.2122,0.1401,0.212,0.5357,0.0888,2.03446773227596e-07,TRUE,100392,100393,0.4617,0.2463,"",2.76066738603114e-07
V72,pass,0.6059,0.6943,0.0884,0.5946,0.6172,0.6856,0.7029,0.2561,0.3498,0.2745,0.6855,-0.159,0.0883,3.92350460419123e-34,FALSE,100392,100393,0.3026,0.087,"",8.27925971562386e-34
V58,pass,0.615,0.7048,0.0898,0.6037,0.6263,0.6961,0.7134,0.2767,0.3677,0.3297,0.7785,-0.2594,0.0882,4.56929266510904e-35,FALSE,100392,100393,0.3026,0.087,"",9.8082230483806e-35
V53,pass,0.5742,0.6294,0.0552,0.5633,0.5851,0.6212,0.6376,-0.0819,-0.2208,0.1309,0.3473,0.3,0.0877,2.17708922216922e-15,FALSE,100392,100393,0.3026,0.087,"",3.68772256000093e-15
V70,pass,0.6559,0.6172,-0.0387,0.648,0.6638,0.6109,0.6234,-0.3033,-0.2936,0.4826,0.5828,0.25,0.0874,4.39913961485435e-14,TRUE,100392,100393,0.3026,0.087,"",7.32699507758351e-14
V69,pass,0.6546,0.6167,-0.0379,0.6467,0.6625,0.6105,0.6229,-0.301,-0.2926,0.4744,0.5766,0.8286,0.0871,1.53829331591574e-13,TRUE,100392,100393,0.3026,0.087,"",2.5282840637823e-13
V54,pass,0.5727,0.6308,0.0581,0.5616,0.5837,0.6226,0.639,-0.0639,-0.2097,0.114,0.3513,0.2571,0.087,1.11034600197951e-16,FALSE,100392,100393,0.3026,0.087,"",1.91997329508958e-16
V57,pass,0.6125,0.7043,0.0918,0.6012,0.6237,0.6957,0.713,0.2702,0.3665,0.3022,0.7607,0.6687,0.087,7.93300627004297e-37,FALSE,100392,100393,0.3026,0.087,"",1.75583872110285e-36
V59,pass,0.5913,0.693,0.1017,0.5801,0.6025,0.6844,0.7016,0.2261,0.3461,0.221,0.6763,0.4603,0.087,4.88358745144906e-45,FALSE,100392,100393,0.3026,0.087,"",1.20397354001071e-44
V60,pass,0.5964,0.6935,0.0971,0.5851,0.6076,0.6849,0.7021,0.2375,0.3463,0.2442,0.6638,0.4863,0.087,5.11576687621102e-41,FALSE,100392,100393,0.3026,0.087,"",1.17946847423754e-40
V63,pass,0.5866,0.6917,0.1051,0.5755,0.5978,0.6831,0.7003,0.2169,0.3419,0.2071,0.6551,0.0714,0.087,3.87270189469824e-48,FALSE,100392,100393,0.3026,0.087,"",1.02042621352366e-47
V64,pass,0.5916,0.6915,0.0999,0.5804,0.6028,0.6829,0.7001,0.2277,0.3413,0.2278,0.6466,0.7143,0.087,1.66605532310336e-43,FALSE,100392,100393,0.3026,0.087,"",3.96983517179653e-43
V71,pass,0.6034,0.6936,0.0902,0.5921,0.6146,0.6849,0.7022,0.2492,0.3481,0.2505,0.6662,0.8503,0.087,9.52228505620443e-36,FALSE,100392,100393,0.3026,0.087,"",2.06178172086513e-35
V73,pass,0.6129,0.7123,0.0994,0.6016,0.6242,0.7037,0.7208,0.2717,0.3891,0.305,0.7978,0.75,0.087,5.60697728517708e-43,FALSE,100392,100393,0.3026,0.087,"",1.31092708357661e-42
V74,pass,0.6153,0.717,0.1017,0.604,0.6266,0.7085,0.7255,0.2781,0.4039,0.3365,0.8218,0.728,0.087,7.11845361371759e-45,FALSE,100392,100393,0.3026,0.087,"",1.74630044316816e-44
id_29,pass,0.5913,0.6931,0.1018,0.5807,0.602,0.6844,0.7018,,,0.1384,0.6661,1,0.0856,1.39069396733941e-47,FALSE,100392,100393,0.5953,0.7983,"",3.58842277582916e-47
M2,pass,0.5605,0.6561,0.0957,0.5526,0.5683,0.6484,0.6638,-0.096,-0.0952,0.082,0.5483,0.5,0.0852,5.50271724434479e-65,FALSE,100392,100393,0.686,0.2824,"",2.5373640626701e-64
id_28,pass,0.5895,0.693,0.1035,0.5789,0.6001,0.6843,0.7017,,,0.1289,0.6649,1,0.0851,1.87045796848742e-49,FALSE,100392,100393,0.5953,0.7983,"",5.11806630937765e-49
V30,pass,0.6462,0.6269,-0.0193,0.6382,0.6543,0.6209,0.633,-0.3032,-0.2944,0.4422,0.5677,0.25,0.0846,0.000182676154470737,FALSE,100392,100393,0.3095,0.0815,"",0.000222427200309113
V22,pass,0.5857,0.6934,0.1077,0.5747,0.5968,0.6847,0.702,0.2049,0.3598,0.1837,0.668,-0.4286,0.0824,3.88739234084518e-51,FALSE,100392,100393,0.3095,0.0815,"",1.12553568938425e-50
V23,inverted,0.5164,0.4603,-0.0561,0.5075,0.5254,0.4542,0.4665,0.0821,0.1017,0.0171,0.0622,-1,0.0822,3.97749408088737e-24,FALSE,100392,100393,0.3095,0.0815,"",7.64784576170623e-24
V24,inverted,0.5162,0.4603,-0.0559,0.5073,0.5251,0.4542,0.4665,0.1016,0.1005,0.0155,0.0622,-1,0.0822,5.57630814307252e-24,FALSE,100392,100393,0.3095,0.0815,"",1.06807748278851e-23
V19,pass,0.5249,0.4925,-0.0324,0.5144,0.5353,0.4842,0.5008,0.0427,0.0826,0.0364,0.107,-0.2,0.0819,1.99924369208736e-06,TRUE,100392,100393,0.3095,0.0815,"",2.62697456110687e-06
V28,inverted,0.5151,0.4608,-0.0543,0.5063,0.5239,0.4546,0.4669,-0.002,-0.001,0.0076,0.0635,0.2,0.0818,3.42988891995053e-23,FALSE,100392,100393,0.3095,0.0815,"",6.51940718372276e-23
V31,pass,0.5983,0.6974,0.0991,0.5872,0.6094,0.6887,0.706,0.231,0.3701,0.2118,0.6831,0.4,0.0818,2.23411409841311e-43,FALSE,100392,100393,0.3095,0.0815,"",5.29804200480824e-43
D10,pass,0.6013,0.6467,0.0454,0.5914,0.6112,0.6392,0.6542,-0.2096,-0.3402,0.1693,0.5032,0.7857,0.0815,8.45988117526342e-13,FALSE,100392,100393,0.3094,0.0815,"",1.37680419126836e-12
V13,pass,0.5624,0.6167,0.0543,0.5515,0.5734,0.6084,0.625,-0.0436,-0.2213,0.0899,0.269,0.5714,0.0815,8.25890087068258e-15,FALSE,100392,100393,0.3095,0.0815,"",1.3848258025589e-14
V14,inverted,0.5144,0.4605,-0.0538,0.5055,0.5232,0.4544,0.4667,2e-04,0,0.0046,0.0624,0.5,0.0815,1.03886057140139e-22,FALSE,100392,100393,0.3095,0.0815,"",1.95966880514354e-22
V15,pass,0.6087,0.7042,0.0955,0.5975,0.6198,0.6955,0.7129,0.2549,0.3803,0.2798,0.7667,1,0.0815,4.18095988298672e-40,FALSE,100392,100393,0.3095,0.0815,"",9.42134851460357e-40
V16,pass,0.6082,0.704,0.0958,0.5971,0.6193,0.6954,0.7127,0.256,0.3801,0.2694,0.7618,1,0.0815,1.74195483848345e-40,FALSE,100392,100393,0.3095,0.0815,"",3.97932802552642e-40
V17,pass,0.5872,0.6957,0.1085,0.5761,0.5982,0.687,0.7043,0.2115,0.367,0.178,0.6753,1,0.0815,5.39699302514532e-52,FALSE,100392,100393,0.3095,0.0815,"",1.60940271049244e-51
V18,pass,0.5875,0.6957,0.1082,0.5764,0.5985,0.687,0.7043,0.2136,0.3668,0.1787,0.6753,1,0.0815,1.08823664431206e-51,FALSE,100392,100393,0.3095,0.0815,"",3.1878932286318e-51
V20,inverted,0.5205,0.4886,-0.0319,0.5104,0.5306,0.4806,0.4966,0.0572,0.0888,0.0066,0.0989,-0.5,0.0815,1.17038358449837e-06,FALSE,100392,100393,0.3095,0.0815,"",1.5501357050005e-06
V21,pass,0.5852,0.6935,0.1083,0.5741,0.5962,0.6849,0.7022,0.2035,0.3603,0.1773,0.664,0.9,0.0815,8.02080555882395e-52,FALSE,100392,100393,0.3095,0.0815,"",2.36352731851735e-51
V27,inverted,0.5151,0.461,-0.0541,0.5063,0.524,0.4549,0.4672,-0.0019,-0.001,0.0078,0.0645,0.5,0.0815,5.01024198324651e-23,FALSE,100392,100393,0.3095,0.0815,"",9.48707417359986e-23
V29,pass,0.6449,0.6271,-0.0178,0.6368,0.653,0.621,0.6332,-0.3002,-0.2989,0.4364,0.5828,0.7714,0.0815,0.00058423892359407,FALSE,100392,100393,0.3095,0.0815,"",0.000694393756443549
V32,pass,0.5977,0.6972,0.0995,0.5866,0.6088,0.6886,0.7058,0.2323,0.3697,0.203,0.6782,1,0.0815,6.46249182138283e-44,FALSE,100392,100393,0.3095,0.0815,"",1.5472696764657e-43
V33,pass,0.6087,0.7118,0.103,0.5976,0.6199,0.7031,0.7204,0.2558,0.3992,0.2908,0.7988,1,0.0815,1.52610004769745e-46,FALSE,100392,100393,0.3095,0.0815,"",3.85785697336717e-46
V34,pass,0.6079,0.7106,0.1026,0.5968,0.6191,0.702,0.7191,0.2565,0.3995,0.2684,0.7681,1,0.0815,1.30593411484301e-46,FALSE,100392,100393,0.3095,0.0815,"",3.31813872036643e-46
addr1,pass,0.6529,0.6515,-0.0014,0.6415,0.6644,0.6411,0.662,-0.035,0.0996,0.3905,0.6362,0.0636,0.0814,0.858057843492901,FALSE,100392,100393,0.0908,0.1037,"",0.861517754152146
id_16,pass,0.5826,0.602,0.0194,0.572,0.5933,0.5917,0.6123,,,0.1347,0.5723,0.5,0.0768,0.0103001911592265,FALSE,100392,100393,0.6179,0.8161,"",0.0113988782162106
id_15,pass,0.598,0.6932,0.0953,0.587,0.6089,0.6845,0.7019,,,0.1769,0.6724,0.8,0.0762,7.21177696335409e-41,FALSE,100392,100393,0.5953,0.7982,"",1.65505296209693e-40
id_19,pass,0.6344,0.6391,0.0047,0.6236,0.6453,0.6289,0.6493,-0.1673,-0.1418,0.3321,0.6699,0.6909,0.0752,0.540308620865585,FALSE,100392,100393,0.6006,0.803,"",0.551380518834142
P_emaildomain_freq,pass,0.5881,0.5489,-0.0392,0.5784,0.5977,0.54,0.5577,0.1624,0.0695,0.1282,0.0486,0.8286,0.0684,4.82017767451241e-09,TRUE,100392,100393,0.1538,0.179,"",7.03943836336417e-09
device_txn_count_24h,pass,0.573,0.5434,-0.0296,0.5628,0.5832,0.5332,0.5536,-0.1375,-0.1327,0.1062,0.4455,0.1152,0.0649,5.81825038421249e-05,TRUE,100392,100393,0.635,0.8332,"",7.33541440845018e-05
D3,pass,0.6352,0.6292,-0.0061,0.6257,0.6447,0.6214,0.6369,-0.4061,-0.3584,0.2905,0.3626,0.9667,0.0646,0.331463882302315,FALSE,100392,100393,0.5661,0.3809,"",0.344611718969839
addr1_freq,pass,0.6752,0.6682,-0.0071,0.6639,0.6865,0.6576,0.6787,-0.1056,-0.0029,0.4638,0.61,0.7,0.0586,0.371193238035297,FALSE,100392,100393,0.0917,0.1037,"",0.383515005272984
V319,pass,0.5134,0.4937,-0.0197,0.5088,0.518,0.4895,0.4979,0.0153,-0.0014,0.0202,0.0147,-0.3412,0.0584,5.22982563329684e-10,FALSE,100392,100393,1e-04,0,"",7.91627101939765e-10
V7,pass,0.5608,0.6752,0.1144,0.5532,0.5685,0.6669,0.6835,0.085,0.0362,0.0989,0.5207,-0.1071,0.0545,7.30754835323589e-88,FALSE,100392,100393,0.7124,0.2839,"",1.25488244134878e-86
id_20,pass,0.6266,0.6387,0.0121,0.6159,0.6373,0.6287,0.6487,0.1296,0.1212,0.2542,0.6714,0.6182,0.0499,0.104507123698801,FALSE,100392,100393,0.6007,0.8033,"",0.110969184652458
V3,pass,0.5625,0.6618,0.0994,0.5548,0.5701,0.654,0.6697,0.0951,0.0644,0.1045,0.538,0,0.0496,2.05173033196837e-70,FALSE,100392,100393,0.7124,0.2839,"",1.08698053757473e-69
P_emaildomain,pass,0.6389,0.5902,-0.0486,0.6293,0.6484,0.5809,0.5996,,,0.3,0.1627,0.4241,0.0483,9.93431509283975e-13,TRUE,100392,100393,0.1538,0.179,"",1.60626263514097e-12
ProductCD_is_R,inverted,0.5409,0.489,-0.0519,0.5363,0.5456,0.4848,0.4933,-0.0819,0.0219,0.0813,0.01,,0.0468,8.68738056992663e-59,FALSE,100392,100393,0,0,"",3.04670107311511e-58
R_emaildomain_freq,pass,0.6598,0.6728,0.013,0.6497,0.6699,0.6632,0.6824,0.286,0.2536,0.4149,0.7443,0.3714,0.0442,0.0670728967615372,FALSE,100392,100393,0.6537,0.7947,"",0.0718329087897754
client_m7_mean_prior,pass,0.5125,0.5831,0.0706,0.5066,0.5184,0.5753,0.591,-0.0053,-0.0268,0.0294,0.1867,0.3,0.0425,7.52883317267775e-45,FALSE,100392,100393,0.8871,0.4692,"",1.83792103921251e-44
V296,pass,0.5391,0.5021,-0.037,0.532,0.5461,0.4966,0.5075,0.0778,0.006,0.1289,0.0756,0.0907,0.04,4.64018127844704e-16,TRUE,100392,100393,0,4e-04,"",7.91373382420077e-16
id_02,pass,0.596,0.6652,0.0692,0.5854,0.6066,0.6557,0.6747,0.1482,0.1076,0.1333,0.6593,0.7818,0.0356,1.65049778554463e-21,FALSE,100392,100393,0.5964,0.7982,"",3.07845654382481e-21
ProductCD_is_S,pass,0.5008,0.4906,-0.0102,0.4978,0.5038,0.4869,0.4942,-0.0016,0.0189,0.0015,0.0103,,0.0318,2.35929652465149e-05,FALSE,100392,100393,0,0,"",3.01264017763191e-05
R_emaildomain,pass,0.6705,0.6855,0.015,0.6606,0.6804,0.676,0.695,,,0.4767,0.8231,0.3688,0.0312,0.0321104046789959,FALSE,100392,100393,0.6537,0.7947,"",0.0348387397170805
V9,pass,0.5606,0.667,0.1063,0.553,0.5683,0.659,0.675,0.071,0.0399,0.0853,0.5271,0.4505,0.0312,9.03923043093357e-79,FALSE,100392,100393,0.7124,0.2839,"",8.6568014511633e-78
ProductCD_is_H,inverted,0.5182,0.4875,-0.0307,0.5119,0.5246,0.4838,0.4913,-0.0365,0.025,0.0126,0.0176,,0.0285,4.36789434339101e-16,FALSE,100392,100393,0,0,"",7.47495320621555e-16
D13,pass,0.6047,0.6442,0.0395,0.5958,0.6136,0.6358,0.6526,0.0791,-0.1214,0.3054,0.5439,1,0.0279,2.31380515184651e-10,FALSE,100392,100393,0.9044,0.8848,"",3.51303343176696e-10
V8,pass,0.5521,0.6653,0.1132,0.5444,0.5597,0.6572,0.6734,0.0099,0.0115,0.0626,0.5152,-0.0357,0.0242,2.86306568602159e-88,FALSE,100392,100393,0.7124,0.2839,"",5.28076559866204e-87
V311,pass,0.5054,0.4975,-0.0079,0.502,0.5088,0.4949,0.5,0.0022,-0.0039,0.0088,0.0075,-0.4871,0.0238,0.000283476000958841,FALSE,100392,100393,1e-04,0,"",0.000342648175916268
id_31_freq,pass,0.6186,0.5833,-0.0353,0.6085,0.6287,0.5749,0.5918,-0.0907,-0.1365,0.2186,0.2986,0.7167,0.0226,1.44153496469007e-07,TRUE,100392,100393,0.5969,0.8822,"",1.97764300940952e-07
id_18,pass,0.5343,0.5443,0.0101,0.5266,0.542,0.5376,0.551,0.194,0.1112,0.0499,0.154,0.6,0.0224,0.0533606918535656,FALSE,100392,100393,0.8701,0.9335,"",0.0573944374580468
V4,pass,0.5563,0.6642,0.108,0.5486,0.5639,0.6555,0.673,0.0648,-0.0059,0.0716,0.5262,-0.1429,0.0218,7.90932028470466e-74,FALSE,100392,100393,0.7124,0.2839,"",5.32275878619314e-73
card3,pass,0.6408,0.6428,0.002,0.6313,0.6503,0.6343,0.6513,0.2805,0.2924,0.4961,0.6049,-0.4,0.0218,0.755513491356549,FALSE,100392,100393,0,0.0074,"",0.764727070519434
D8,pass,0.6224,0.6418,0.0194,0.6127,0.6321,0.6328,0.6507,-0.409,-0.3665,0.3338,0.6817,0.8091,0.0199,0.00396717150313269,FALSE,100392,100393,0.7826,0.8839,"",0.00446979956687801
V104,pass,0.507,0.4996,-0.0074,0.5024,0.5115,0.4952,0.5041,0.0132,0.0101,0.0257,0.0618,0.022,0.0196,0.0230286149495618,FALSE,100392,100393,0,7e-04,"",0.0250946394855181
V299,pass,0.5222,0.5057,-0.0165,0.5164,0.528,0.5009,0.5104,0.0437,0.0112,0.0523,0.0758,0.5545,0.0166,1.53646962202025e-05,FALSE,100392,100393,1e-04,0,"",1.97716245934389e-05
V105,pass,0.5117,0.5063,-0.0054,0.5063,0.5172,0.501,0.5117,0.0228,0.0167,0.0264,0.0824,0.1944,0.0159,0.164890223574747,FALSE,100392,100393,0,7e-04,"",0.172511200294589
V298,pass,0.5371,0.5055,-0.0316,0.5303,0.544,0.5002,0.5108,0.0733,0.011,0.1072,0.0824,0.3571,0.0155,9.38081710671734e-13,TRUE,100392,100393,1e-04,0,"",1.52170909418412e-12
V309,pass,0.537,0.5112,-0.0258,0.5305,0.5435,0.5058,0.5165,0.0626,0.0312,0.0789,0.0245,-0.2921,0.0155,1.9207996816944e-09,TRUE,100392,100393,1e-04,0,"",2.85539773577258e-09
DeviceInfo,pass,0.5957,0.6398,0.044,0.586,0.6055,0.6308,0.6487,,,0.2391,0.4812,0.3517,0.0152,7.63696001787869e-11,FALSE,100392,100393,0.635,0.8332,"",1.18479940464286e-10
V185,pass,0.5754,0.6876,0.1123,0.5649,0.5859,0.6791,0.6962,0.1355,0.0674,0.1539,0.7494,0.5579,0.015,3.12266716080247e-59,FALSE,100392,100393,0.6035,0.7986,"",1.11077731862831e-58
V295,pass,0.608,0.583,-0.0249,0.599,0.6169,0.5755,0.5905,0.2152,0.1642,0.3366,0.2455,0.2612,0.015,2.86050376999128e-05,TRUE,100392,100393,1e-04,0,"",3.64330147686869e-05
V102,pass,0.6074,0.5811,-0.0263,0.5984,0.6164,0.5736,0.5886,0.2134,0.1548,0.3547,0.2289,0.0562,0.0148,1.08363075859488e-05,TRUE,100392,100393,0,7e-04,"",1.4090029184863e-05
DeviceInfo_freq,pass,0.5859,0.6292,0.0432,0.5762,0.5957,0.6204,0.6379,-0.092,-0.1138,0.1923,0.4119,0.8857,0.0147,1.09424193261632e-10,FALSE,100392,100393,0.636,0.8394,"",1.67671533059362e-10
V297,pass,0.508,0.4995,-0.0086,0.5034,0.5127,0.4954,0.5036,0.0154,-0.0011,0.0239,0.0661,0.0245,0.0147,0.00667051626751889,FALSE,100392,100393,1e-04,0,"",0.0074315818819338
V182,pass,0.5771,0.6868,0.1097,0.5666,0.5876,0.6781,0.6954,0.1299,0.0427,0.1444,0.7037,0.0377,0.0144,3.09804830855646e-56,FALSE,100392,100393,0.6035,0.7983,"",1.03545507225578e-55
id_31,pass,0.6383,0.6775,0.0392,0.628,0.6486,0.6685,0.6865,,,0.3049,0.6995,0.3462,0.0144,1.96787267110001e-08,FALSE,100392,100393,0.5969,0.8018,"",2.78409258581763e-08
V106,pass,0.5093,0.5096,3e-04,0.5044,0.5143,0.5048,0.5145,0.0186,0.0176,0.0273,0.0813,0.6326,0.0134,0.937453716702319,FALSE,100392,100393,0,7e-04,"",0.937453716702319
V183,pass,0.5746,0.6869,0.1123,0.5641,0.5851,0.6784,0.6954,0.1219,0.0324,0.1277,0.7148,0.234,0.013,1.55589789253528e-59,FALSE,100392,100393,0.6035,0.7983,"",5.57436798908323e-59
V293,pass,0.5724,0.5588,-0.0136,0.5644,0.5804,0.5521,0.5656,0.1429,0.1165,0.195,0.208,0.4527,0.0129,0.0110474309589251,FALSE,100392,100393,1e-04,0,"",0.0121987153382365
V101,pass,0.5791,0.5608,-0.0183,0.5711,0.5871,0.5542,0.5674,0.1578,0.1203,0.2424,0.2511,0.2306,0.0128,0.000541600437985032,FALSE,100392,100393,0,7e-04,"",0.00064580384752404
V180,pass,0.5777,0.6871,0.1095,0.5671,0.5882,0.6785,0.6957,0.1308,0.043,0.143,0.7007,-0.04,0.0124,4.76254218809115e-56,FALSE,100392,100393,0.6035,0.7986,"",1.58116400644626e-55
V124,pass,0.5405,0.5227,-0.0178,0.5338,0.5471,0.5167,0.5286,0.0809,0.0448,0.1471,0.049,0.8333,0.0122,9.44568789249729e-05,FALSE,100392,100393,0,7e-04,"",0.000117305550385627
V181,pass,0.5706,0.6873,0.1167,0.5602,0.5809,0.6788,0.6958,0.0868,0.0342,0.1,0.7357,0.155,0.0113,1.70265805867034e-65,FALSE,100392,100393,0.6035,0.7983,"",7.99928031337573e-65
V136,pass,0.5206,0.4954,-0.0253,0.5153,0.526,0.4899,0.5008,0.0223,0.016,0.038,0.0391,-0.4772,0.0106,9.61730659425924e-11,TRUE,100392,100393,0,7e-04,"",1.48279216221087e-10
V137,pass,0.5177,0.4971,-0.0206,0.5128,0.5226,0.4921,0.5021,0.0182,0.0169,0.0306,0.0291,-0.38,0.0102,6.72544093224883e-09,TRUE,100392,100393,0,7e-04,"",9.76463435644291e-09
V321,pass,0.5268,0.4966,-0.0303,0.5211,0.5326,0.4917,0.5015,0.0433,0.011,0.0499,0.0211,-0.3547,0.0102,3.28494672252355e-15,TRUE,100392,100393,1e-04,0,"",5.5454354841245e-15
client_m9_mean_prior,pass,0.5061,0.6026,0.0965,0.5002,0.512,0.5945,0.6107,0.0129,-0.0858,0.014,0.2064,0.3697,0.0096,3.41712850445852e-79,FALSE,100392,100393,0.8871,0.4692,"",3.86756817095533e-78
V10,pass,0.5599,0.7028,0.1429,0.5528,0.567,0.6954,0.7102,-0.2848,-0.2492,0.1679,0.6805,-0.3,0.0091,6.09622969712972e-164,FALSE,100392,100393,0.7124,0.2839,"",1.01197412972353e-161
V135,pass,0.5147,0.4968,-0.0179,0.5102,0.5192,0.4923,0.5013,0.0129,0.0094,0.0252,0.0229,-0.3379,0.0087,3.19707279219908e-08,FALSE,100392,100393,0,7e-04,"",4.51031799012788e-08
D9,pass,0.5895,0.6524,0.0628,0.5796,0.5994,0.6439,0.6608,-0.0188,-0.0176,0.1639,0.5616,0.7909,0.0079,3.17295222849564e-21,FALSE,100392,100393,0.7826,0.8839,"",5.89600824548817e-21
card4_is_american_express,pass,0.5099,0.4987,-0.0111,0.5074,0.5123,0.4968,0.5007,-0.019,-7e-04,0.0187,0.0022,-0.5,0.0074,3.48920645951678e-12,FALSE,100392,100393,1e-04,0.0074,"",5.58721806057671e-12
card4_is_discover,pass,0.5004,0.5061,0.0057,0.498,0.5029,0.5033,0.509,2e-04,0.0156,0.0027,0.017,-0.5,0.0074,0.00292934518656483,FALSE,100392,100393,1e-04,0.0074,"",0.00334450080413627
card4_is_visa,pass,0.5099,0.4916,-0.0183,0.5005,0.5193,0.4836,0.4997,-0.0191,0.0137,0.0043,0.003,-1,0.0074,0.00382949180049078,FALSE,100392,100393,1e-04,0.0074,"",0.00432446012844537
card6,pass,0.5736,0.5987,0.0251,0.5638,0.5833,0.5903,0.607,,,0.0927,0.1933,-0.5,0.0074,0.000129489515464538,FALSE,100392,100393,0,0.0074,"",0.000160412384829204
card6_is_charge_card,pass,0.5004,0.4984,-0.0019,0.4998,0.5009,0.4973,0.4996,0,,0.0037,0.0027,,0.0074,0.00249597840605317,FALSE,100392,100393,0,0.0074,"",0.00286404895441125
card6_is_credit,pass,0.5736,0.5987,0.025,0.5638,0.5834,0.5903,0.607,0.1466,0.2029,0.0924,0.1924,-0.5,0.0074,0.000135852832635627,FALSE,100392,100393,0,0.0074,"",0.00016746215508055
card6_is_debit,pass,0.5736,0.5987,0.0251,0.5638,0.5834,0.5903,0.607,-0.1465,-0.2029,0.0922,0.1924,-0.5,0.0074,0.000131636473020006,FALSE,100392,100393,0,0.0074,"",0.000162667403384524
card6_is_debit_or_credit,pass,0.5003,0.4984,-0.0019,0.4998,0.5009,0.4973,0.4996,-1e-04,,0.0036,0.0027,,0.0074,0.00277570528879767,FALSE,100392,100393,0,0.0074,"",0.00317770398579595
V304,pass,0.5814,0.6856,0.1043,0.5709,0.5919,0.6773,0.694,0.1622,0.3712,0.1958,0.6632,-0.0426,0.0071,1.77642205088633e-52,FALSE,100392,100393,1e-04,0,"",5.39425720330118e-52
seconds_since_prev_txn_card,pass,0.5764,0.561,-0.0155,0.5655,0.5874,0.5511,0.5708,-0.1094,-0.1208,0.0812,0.0618,0.4273,0.007,0.0398460799247419,FALSE,100392,100393,0.0766,0.007,"",0.0430441384002635
id_22,pass,0.505,0.4966,-0.0084,0.5022,0.5078,0.494,0.4991,0.3479,0.1524,0.0244,0.029,0.4928,0.0069,1.20099843779091e-05,FALSE,100392,100393,0.9837,0.9925,"",1.55754484901009e-05
id_36,pass,0.581,0.6791,0.0981,0.5712,0.5908,0.6705,0.6878,-0.039,-0.0131,0.1053,0.6309,0.5,0.0067,9.02407449844366e-49,FALSE,100392,100393,0.5953,0.7982,"",2.42918329741889e-48
V129,pass,0.5258,0.5057,-0.0201,0.5203,0.5313,0.5011,0.5103,0.0408,0.0165,0.0551,0.0172,-0.3498,0.0066,4.02424583411416e-08,TRUE,100392,100393,0,7e-04,"",5.66122719036399e-08
V269,pass,0.5528,0.6715,0.1187,0.543,0.5626,0.663,0.68,-0.0087,-0.0171,0.0457,0.6031,-0.062,0.0049,7.45230036358125e-72,FALSE,100392,100393,0.6154,0.8228,"",4.52590924519935e-71
V318,pass,0.6088,0.5806,-0.0282,0.5999,0.6178,0.573,0.5882,0.2136,0.1646,0.3481,0.2022,-0.0071,0.0045,2.56501646575791e-06,TRUE,100392,100393,1e-04,0,"",3.36152157880905e-06
V205,pass,0.5673,0.6792,0.112,0.5573,0.5772,0.6708,0.6877,0.0132,-0.0374,0.0774,0.6453,-0.1802,0.0041,3.88702022625806e-63,FALSE,100392,100393,0.6035,0.7983,"",1.61311339389709e-62
V175,pass,0.5678,0.6811,0.1134,0.5576,0.5779,0.6728,0.6895,0.0518,-0.0552,0.0819,0.7341,-0.4333,0.0039,4.49342957325656e-64,FALSE,100392,100393,0.6035,0.7986,"",2.01597110583943e-63
V208,pass,0.5711,0.6851,0.114,0.561,0.5812,0.6764,0.6937,0.04,-0.0598,0.1252,0.7471,-0.0298,0.0037,1.80187514870942e-63,FALSE,100392,100393,0.6035,0.7986,"",7.735636414287e-63
V215,pass,0.5775,0.6812,0.1037,0.567,0.5881,0.6725,0.6899,0.1296,0.0385,0.1538,0.6466,0.2331,0.0037,5.41191301245655e-50,FALSE,100392,100393,0.6035,0.7983,"",1.49729593344631e-49
V133,pass,0.608,0.577,-0.0309,0.599,0.6169,0.5695,0.5846,0.2113,0.1542,0.3548,0.1893,0.1857,0.0036,2.05407337637688e-07,TRUE,100392,100393,0,7e-04,"",2.77969712346653e-07
id_07,pass,0.508,0.504,-0.004,0.5053,0.5108,0.5015,0.5066,-0.2215,-0.2891,0.0209,0.0278,0.4636,0.0035,0.0371946673632504,FALSE,100392,100393,0.9837,0.9925,"",0.040267270319345
D7,pass,0.6023,0.6334,0.0311,0.5937,0.6109,0.6253,0.6415,-0.2706,-0.2044,0.4037,0.5393,0.9429,0.0032,2.34926673366347e-07,FALSE,100392,100393,0.939,0.92,"",3.16198603612002e-07
D5n,pass,0.6304,0.54,-0.0904,0.6203,0.6406,0.5317,0.5484,0.3836,0.3856,0.2943,0.0477,0.0727,0.0031,2.00253643787606e-41,TRUE,100392,100393,0.6532,0.472,"",4.63843323749896e-41
id_08,pass,0.5067,0.5038,-0.0029,0.504,0.5095,0.5012,0.5063,-0.3036,-0.2657,0.015,0.0279,0.2485,0.0031,0.127353940038504,FALSE,100392,100393,0.9837,0.9925,"",0.133520551871947
V270,pass,0.5635,0.6857,0.1223,0.5533,0.5737,0.6771,0.6944,0.0593,0.0558,0.1112,0.6613,0.0878,0.003,6.41215226256527e-72,FALSE,100392,100393,0.5947,0.7961,"",3.94228620587346e-71
V289,pass,0.5476,0.5047,-0.0429,0.5393,0.5559,0.4976,0.5118,0.0912,0.0213,0.0804,0.0344,0.1429,0.003,1.23098490081422e-14,TRUE,100392,100393,0,4e-04,"",2.05714926377678e-14
id_26,pass,0.5085,0.5027,-0.0058,0.5058,0.5113,0.5001,0.5052,0.1153,0.2997,0.0285,0.0263,0.0545,0.003,0.00227880850791815,FALSE,100392,100393,0.9837,0.9925,"",0.00262695980773898
V210,pass,0.5743,0.6738,0.0996,0.5641,0.5844,0.6652,0.6824,0.0523,-0.0542,0.1389,0.6409,-0.1633,0.0029,9.31197034737024e-49,FALSE,100392,100393,0.6035,0.7986,"",2.49320496397332e-48
V134,pass,0.5975,0.5722,-0.0253,0.5889,0.6061,0.565,0.5794,0.1904,0.146,0.3278,0.1905,0.1774,0.0028,1.00576422546505e-05,TRUE,100392,100393,0,7e-04,"",1.31117954000417e-05
V207,pass,0.5702,0.6751,0.1049,0.5602,0.5803,0.6666,0.6836,0.0308,-0.0849,0.0863,0.6545,-0.2138,0.0028,8.3724542000814e-55,FALSE,100392,100393,0.6035,0.7983,"",2.68998851073583e-54
V226,pass,0.5512,0.6754,0.1242,0.5413,0.5611,0.667,0.6839,0.0136,0.0263,0.0475,0.6061,0.0671,0.0027,1.50537923426764e-77,FALSE,100392,100393,0.6154,0.8228,"",1.20915944946014e-76
V268,pass,0.5607,0.6722,0.1115,0.5505,0.5708,0.6636,0.6808,0.0578,0.0122,0.0784,0.5971,0.1738,0.0025,1.54744154222093e-60,FALSE,100392,100393,0.6154,0.8228,"",5.66636682372077e-60
V209,pass,0.5741,0.6757,0.1016,0.5639,0.5842,0.6671,0.6842,0.0511,-0.0593,0.1337,0.641,-0.0431,0.0024,8.31165245598565e-51,FALSE,100392,100393,0.6035,0.7986,"",2.32539490060722e-50
V277,pass,0.5673,0.6746,0.1073,0.5567,0.5779,0.6658,0.6835,0.1638,0.1449,0.1696,0.6523,0.2987,0.0024,2.96665747183773e-52,FALSE,100392,100393,0.6154,0.8228,"",8.95391164227388e-52
V278,pass,0.5657,0.6756,0.1099,0.5551,0.5762,0.6668,0.6843,0.1454,0.1204,0.1498,0.6395,0.4767,0.0023,1.59167498867748e-55,FALSE,100392,100393,0.6154,0.8228,"",5.18074604157767e-55
V276,pass,0.5618,0.6753,0.1135,0.5514,0.5721,0.6665,0.684,0.1044,0.1141,0.1123,0.6368,0.3631,0.0021,2.43169967559636e-60,FALSE,100392,100393,0.6154,0.8228,"",8.77526404671731e-60
id_25,pass,0.5067,0.5021,-0.0046,0.504,0.5095,0.4996,0.5045,-0.1654,-0.1388,0.0136,0.0194,0.4048,0.0021,0.0138051047107276,FALSE,100392,100393,0.9838,0.9925,"",0.0151430443743223
V281,pass,0.5396,0.5249,-0.0146,0.5333,0.5458,0.5198,0.5301,0.0749,0.0575,0.1083,0.0862,0.2152,0.0019,0.000400128640219761,FALSE,100392,100393,0,4e-04,"",0.000481314161423771
V272,pass,0.5665,0.6874,0.1209,0.5562,0.5767,0.6788,0.696,0.0712,0.0567,0.1276,0.6576,0.3416,0.0018,1.93601412560396e-70,FALSE,100392,100393,0.5947,0.7961,"",1.03670433822664e-69
V120,pass,0.5071,0.5001,-0.007,0.5047,0.5094,0.4991,0.501,0.0141,4e-04,0.0437,0.0022,,0.0017,8.49132862436701e-08,FALSE,100392,100393,0,7e-04,"",1.17790575346372e-07
V49,pass,0.6504,0.6511,7e-04,0.6417,0.6591,0.6445,0.6577,-0.2946,-0.3265,0.411,0.548,0.6786,0.0017,0.89953366233303,FALSE,100392,100393,0.4617,0.2464,"",0.901343589219012
V286,weak,0.5017,0.4981,-0.0035,0.4982,0.5051,0.4956,0.5007,0.0022,-0.0039,0.0036,0.0038,-1,0.0016,0.105397221175125,FALSE,100392,100393,1e-04,0,"",0.111676204564281
V316,pass,0.5736,0.5577,-0.0159,0.5656,0.5816,0.5508,0.5645,0.1428,0.1168,0.202,0.1268,0.0221,0.0016,0.00312248845602084,FALSE,100392,100393,1e-04,0,"",0.00355022660068123
id_21,pass,0.5061,0.5042,-0.0019,0.5033,0.5088,0.5016,0.5067,0.1368,0.0785,0.0114,0.0334,0.1667,0.0016,0.319656083212993,FALSE,100392,100393,0.9838,0.9925,"",0.333030814728181
V216,pass,0.5766,0.6826,0.106,0.5661,0.5871,0.674,0.6912,0.1217,0.0285,0.1469,0.6411,0.1935,0.0015,1.02707291493277e-52,FALSE,100392,100393,0.6035,0.7983,"",3.15729821997852e-52
V214,pass,0.5726,0.6827,0.1101,0.5623,0.583,0.6741,0.6913,0.0871,0.0292,0.1194,0.6387,0.2121,0.0014,9.40681891302595e-58,FALSE,100392,100393,0.6035,0.7983,"",3.20862727307324e-57
V36,pass,0.5719,0.5809,0.009,0.561,0.5828,0.5705,0.5914,-0.1398,-0.2912,0.0888,0.2889,0.4857,0.0014,0.240474177367302,FALSE,100392,100393,0.4617,0.2464,"",0.251061090836303
V132,pass,0.5805,0.5602,-0.0203,0.5724,0.5885,0.5535,0.5669,0.1564,0.1196,0.2635,0.1529,0.1267,0.0013,0.000140941575134851,TRUE,100392,100393,0,7e-04,"",0.000173305936832483
id_10,pass,0.5856,0.6464,0.0607,0.5762,0.5951,0.6381,0.6547,0.0081,0.0044,0.1499,0.5261,0.5134,0.0013,3.77535763548154e-21,FALSE,100392,100393,0.7826,0.8839,"",6.98932380100299e-21
V271,pass,0.5661,0.6866,0.1206,0.5558,0.5763,0.678,0.6952,0.0705,0.0603,0.1281,0.655,0.3017,0.0012,7.93120250866668e-70,FALSE,100392,100393,0.5947,0.7961,"",3.9896352013293e-69
V6,pass,0.5516,0.6755,0.1239,0.544,0.5593,0.6671,0.6838,2e-04,0.0166,0.0609,0.5145,0.4286,0.001,1.28956740432449e-101,FALSE,100392,100393,0.7124,0.2839,"",5.83822333957813e-100
V206,pass,0.5659,0.6832,0.1174,0.556,0.5757,0.6747,0.6917,-0.0074,-0.013,0.0753,0.634,-0.0054,9e-04,4.64750039144409e-70,FALSE,100392,100393,0.6035,0.7983,"",2.41089082806162e-69
V2,pass,0.5538,0.6748,0.121,0.5461,0.5615,0.6665,0.6831,0.0222,0.0196,0.0679,0.5169,0.4286,8e-04,1.51653436010672e-97,FALSE,100392,100393,0.7124,0.2839,"",5.03489407555432e-96
V235,pass,0.5594,0.6799,0.1205,0.549,0.5697,0.6712,0.6885,0.1041,0.121,0.09,0.6424,0.3462,8e-04,1.00231980673389e-68,FALSE,100392,100393,0.6154,0.8228,"",4.89367905640666e-68
V300,pass,0.5104,0.5154,0.0049,0.5059,0.515,0.5111,0.5196,0.0204,0.0294,0.0163,0.0255,-0.0476,8e-04,0.119673205475566,FALSE,100392,100393,0,4e-04,"",0.125732608284455
id_11,pass,0.5775,0.6838,0.1063,0.5677,0.5874,0.6754,0.6922,0.0147,-0.002,0.103,0.6318,-0.1636,8e-04,3.50461393015336e-58,FALSE,100392,100393,0.5953,0.7983,"",1.21201231751137e-57
V266,pass,0.5556,0.6727,0.1171,0.5457,0.5656,0.6641,0.6812,0.0154,0.0026,0.0554,0.5944,0.0294,7e-04,1.24091489490006e-68,FALSE,100392,100393,0.6154,0.8228,"",5.99976327825464e-68
V301,pass,0.5158,0.5192,0.0033,0.5109,0.5208,0.5146,0.5237,0.0311,0.0368,0.0254,0.0323,0.2817,7e-04,0.332331551127224,FALSE,100392,100393,0,4e-04,"",0.344793984294495
V236,pass,0.5653,0.6818,0.1164,0.5547,0.576,0.6731,0.6905,0.1657,0.1542,0.157,0.6691,0.4664,6e-04,5.5734819766947e-62,FALSE,100392,100393,0.6154,0.8228,"",2.18550710582202e-61
V225,pass,0.5563,0.6778,0.1215,0.5461,0.5664,0.6692,0.6864,0.0572,0.011,0.0636,0.6234,0.6447,5e-04,8.93570025893346e-72,FALSE,100392,100393,0.6154,0.8228,"",5.36142015536007e-71
V42,pass,0.6009,0.6995,0.0986,0.5893,0.6124,0.6903,0.7087,0.2841,0.4227,0.2772,0.6841,0.9429,5e-04,3.44975324184622e-39,FALSE,100392,100393,0.4617,0.2464,"",7.73863565062802e-39
V44,pass,0.5489,0.4946,-0.0543,0.5394,0.5584,0.4872,0.5021,0.224,0.267,0.0463,0.001,-1,5e-04,1.29821163639481e-18,TRUE,100392,100393,0.4617,0.2464,"",2.31723797464021e-18
id_23,pass,0.5041,0.5078,0.0037,0.5014,0.5069,0.5053,0.5103,,,0.008,0.0261,0.8,5e-04,0.0567822367210713,FALSE,100392,100393,0.9837,0.9925,"",0.0609430040670119
C11,pass,0.6571,0.5939,-0.0632,0.6468,0.6674,0.5849,0.6029,0.3175,0.187,0.3939,0.1372,0.4,4e-04,1.25257110155066e-19,TRUE,100392,100393,0,0,"",2.26007394410227e-19
V45,pass,0.5482,0.4946,-0.0535,0.5387,0.5577,0.4872,0.5021,0.2812,0.3165,0.0402,9e-04,-1,4e-04,3.15688137522534e-18,TRUE,100392,100393,0.4617,0.2464,"",5.61473901736507e-18
id_24,pass,0.5039,0.5056,0.0017,0.5011,0.5067,0.5031,0.5081,-0.112,0.2172,0.0059,0.0315,-0.2571,3e-04,0.361881302689295,FALSE,100392,100393,0.985,0.993,"",0.374671286360226
V186,pass,0.5888,0.6932,0.1044,0.5778,0.5998,0.6842,0.7022,0.2529,0.2816,0.4365,1.0067,-0.4146,2e-04,5.8905343972627e-47,FALSE,100392,100393,0.6035,0.7983,"",1.51210625249321e-46
V191,pass,0.5745,0.6877,0.1132,0.5642,0.5849,0.679,0.6964,0.1062,0.1326,0.2352,0.815,-0.1229,2e-04,1.76835790834246e-60,FALSE,100392,100393,0.6035,0.7983,"",6.42804553543462e-60
V240,pass,0.5499,0.6741,0.1242,0.5401,0.5597,0.6656,0.6825,-7e-04,9e-04,0.0421,0.5884,-0.5,2e-04,4.92454512988648e-79,FALSE,100392,100393,0.6154,0.8228,"",5.00494586670096e-78
id_04,pass,0.5804,0.6364,0.056,0.5711,0.5897,0.6282,0.6446,-0.0189,-0.0137,0.1594,0.4874,0.429,2e-04,7.61032288162725e-19,FALSE,100392,100393,0.8141,0.8929,"",1.36328805577352e-18
C3,pass,0.5054,0.5017,-0.0037,0.5049,0.5059,0.5011,0.5023,-0.011,-0.0041,0.0378,0.0061,0.9243,1e-04,1.22547162306087e-19,FALSE,100392,100393,0,0,"",2.21921770285204e-19
V172,pass,0.5672,0.6871,0.12,0.5572,0.5771,0.6788,0.6955,0.0128,-0.0368,0.0767,0.6549,0.4762,1e-04,7.48182974121254e-73,FALSE,100392,100393,0.6035,0.7983,"",4.83889767678421e-72
V196,pass,0.5786,0.6864,0.1078,0.5681,0.5891,0.6778,0.695,0.1472,0.0777,0.2947,0.7129,-0.2028,1e-04,1.54806904658481e-54,FALSE,100392,100393,0.6035,0.7983,"",4.94191272563612e-54
V227,pass,0.5608,0.6885,0.1277,0.5506,0.5711,0.68,0.697,0.0709,0.057,0.0823,0.6682,0.6738,1e-04,1.20797633065066e-78,FALSE,100392,100393,0.5947,0.7961,"",1.13504191068685e-77
C1,pass,0.6689,0.6242,-0.0448,0.6584,0.6795,0.6145,0.6339,0.339,0.2347,0.419,0.2496,1,0,9.26653389641775e-10,TRUE,100392,100393,0,0,"",1.39840420618668e-09
C10,pass,0.5784,0.682,0.1036,0.5687,0.5881,0.6736,0.6904,0.2595,0.3939,0.1002,0.6141,,0,4.84790140478657e-56,FALSE,100392,100393,0,0,"",1.59884430436007e-55
C12,pass,0.6396,0.6622,0.0225,0.6301,0.6491,0.6537,0.6706,0.2977,0.3673,0.4643,0.4723,,0,0.000486882619703146,FALSE,100392,100393,0,0,"",0.000584259143643776
C2,pass,0.6815,0.6271,-0.0544,0.6711,0.6918,0.6173,0.6368,0.3595,0.2598,0.4832,0.2712,0.9,0,7.35984857105202e-14,TRUE,100392,100393,0,0,"",1.21767594298469e-13
C4,pass,0.6153,0.6891,0.0738,0.6056,0.625,0.6807,0.6975,0.3143,0.4074,0.2189,0.6499,,0,1.14491742265974e-29,FALSE,100392,100393,0,0,"",2.28983484531947e-29
C5,pass,0.6105,0.6459,0.0354,0.6051,0.6158,0.6406,0.6513,-0.2201,-0.2874,0.3596,0.5025,1,0,3.8385036693632e-20,FALSE,100392,100393,0,0,"",6.97655046475501e-20
C6,pass,0.6336,0.5558,-0.0778,0.6228,0.6444,0.5462,0.5654,0.2666,0.1134,0.297,0.0684,0.8,0,5.60821487164031e-26,TRUE,100392,100393,0,0,"",1.10390948856793e-25
C7,pass,0.6396,0.6566,0.017,0.6301,0.649,0.6483,0.6648,0.2959,0.3275,0.4654,0.592,,0,0.00794145984450942,FALSE,100392,100393,0,0,"",0.00882778348786984
C8,pass,0.5797,0.6897,0.11,0.57,0.5894,0.6813,0.6981,0.2707,0.4133,0.1032,0.6554,,0,1.57159144131452e-63,FALSE,100392,100393,0,0,"",6.86537313837396e-63
C9,pass,0.5699,0.6858,0.1159,0.5601,0.5798,0.6766,0.6951,-0.1236,-0.344,0.0756,0.6072,0.4,0,2.02483648192432e-63,FALSE,100392,100393,0,0,"",8.61853476921634e-63
D1,pass,0.5785,0.615,0.0366,0.5692,0.5878,0.6077,0.6224,-0.0521,-0.2533,0.1095,0.3088,0.9,0,1.51023618426549e-09,FALSE,100392,100393,0,4e-04,"",2.25855141070335e-09
D11,pass,0.5564,0.7011,0.1448,0.549,0.5638,0.6931,0.7092,-0.1215,-0.1678,0.0963,0.6048,0.7857,0,1.53392532681026e-148,FALSE,100392,100393,0.7124,0.2839,"",1.90973703187878e-146
D11n,pass,0.5577,0.6876,0.1299,0.5504,0.5651,0.6794,0.6958,0.1361,0.2128,0.1016,0.5972,0.3364,0,4.27696337113007e-118,FALSE,100392,100393,0.7124,0.2839,"",3.04275394117539e-116
D12,pass,0.6298,0.6575,0.0277,0.6204,0.6393,0.6492,0.6658,0.1739,0.094,0.463,0.5966,1,0,1.62579339100552e-05,FALSE,100392,100393,0.8946,0.8955,"",2.08134989388367e-05
D14,pass,0.6098,0.6385,0.0288,0.6006,0.619,0.6304,0.6467,0.0996,-0.0132,0.3176,0.4924,0.8,0,4.52580697503961e-06,FALSE,100392,100393,0.888,0.8913,"",5.9156217154061e-06
D5,pass,0.6496,0.6764,0.0268,0.6395,0.6596,0.6678,0.685,-0.4605,-0.4822,0.3968,0.4682,0.8667,0,6.91624162639524e-05,FALSE,100392,100393,0.6532,0.472,"",8.65399077875585e-05
D6,pass,0.6161,0.655,0.0389,0.6067,0.6255,0.6467,0.6633,0.1243,-0.045,0.3277,0.5632,0.8,0,1.394676367156e-09,FALSE,100392,100393,0.8721,0.8705,"",2.092014550734e-09
DeviceType,pass,0.592,0.6904,0.0985,0.5813,0.6027,0.6818,0.6991,,,0.141,0.6431,1,0,1.26443245103211e-44,FALSE,100392,100393,0.5965,0.7984,"",3.04196792567145e-44
DeviceType_is_desktop,pass,0.592,0.6904,0.0985,0.5813,0.6027,0.6818,0.6991,-0.1568,-0.1112,0.141,0.6431,1,0,1.26443245103211e-44,FALSE,100392,100393,0.5965,0.7984,"",3.04196792567145e-44
DeviceType_is_mobile,pass,0.592,0.6904,0.0985,0.5813,0.6027,0.6818,0.6991,0.1568,0.1112,0.141,0.6431,1,0,1.26443245103211e-44,FALSE,100392,100393,0.5965,0.7984,"",3.04196792567145e-44
M4_is_M1,pass,0.6777,0.6271,-0.0506,0.6686,0.6868,0.619,0.6351,-0.0918,-0.086,0.5067,0.2564,1,0,2.79109208007073e-16,TRUE,100392,100393,0.5766,0.4579,"",4.79297881336285e-16
M6,pass,0.5899,0.6884,0.0985,0.5805,0.5992,0.6794,0.6974,-0.1556,-0.0531,0.1353,0.5736,1,0,5.27672538569783e-50,FALSE,100392,100393,0.4564,0.2414,"",1.46804985590923e-49
M7,pass,0.5413,0.6459,0.1046,0.536,0.5467,0.6376,0.6542,-0.0544,0.0046,0.0698,0.3547,0.5,0,6.56506223185907e-96,FALSE,100392,100393,0.84,0.3873,"",1.92317705380342e-94
M8,pass,0.5415,0.653,0.1115,0.5362,0.5469,0.6449,0.6612,-0.0844,-0.0645,0.07,0.3639,1,0,4.85401999052213e-111,FALSE,100392,100393,0.84,0.3872,"",2.68589106142224e-109
M9,pass,0.5412,0.6548,0.1136,0.5358,0.5465,0.6467,0.6628,-0.0271,-0.0811,0.0668,0.3737,1,0,5.35121587237631e-117,FALSE,100392,100393,0.84,0.3872,"",3.33113188055425e-115
ProductCD_is_C,pass,0.6412,0.6566,0.0154,0.6317,0.6506,0.6483,0.6648,0.2823,0.3131,0.4739,0.5924,,0,0.01627414779533,FALSE,100392,100393,0,0,"",0.0177730824606894
ProductCD_is_W,pass,0.5812,0.6895,0.1083,0.5716,0.5908,0.6811,0.6978,-0.1624,-0.3789,0.1078,0.6477,,0,3.45442979488327e-62,FALSE,100392,100393,0,0,"",1.36532225226339e-61
V1,pass,0.5517,0.6738,0.1221,0.544,0.5594,0.6655,0.682,2e-04,0,0.0606,0.5123,1,0,3.10023360045892e-100,FALSE,100392,100393,0.7124,0.2839,"",1.28659694419045e-98
V100,pass,0.5261,0.4966,-0.0295,0.5187,0.5336,0.49,0.5032,0.0534,-0.0075,0.0223,0.0013,,0,6.40444215944144e-09,TRUE,100392,100393,0,7e-04,"",9.32576665322174e-09
V103,pass,0.5972,0.5882,-0.009,0.5887,0.6058,0.5812,0.5952,0.192,0.1467,0.3109,0.2976,0.5123,0,0.109569582468313,FALSE,100392,100393,0,7e-04,"",0.115605195061907
V108,pass,0.5193,0.5121,-0.0072,0.5155,0.5231,0.5092,0.515,0.0386,0.0245,0.1338,0.0547,1,0,0.00329199134366815,FALSE,100392,100393,0,7e-04,"",0.00373442298211102
V109,pass,0.5215,0.5132,-0.0083,0.5173,0.5257,0.5097,0.5167,0.043,0.0257,0.1155,0.032,0.8,0,0.00293483303495492,FALSE,100392,100393,0,7e-04,"",0.00334450080413627
V11,pass,0.5598,0.7089,0.1491,0.5527,0.5669,0.7014,0.7163,-0.2861,-0.2424,0.1669,0.6847,0.4857,0,7.91610830830217e-177,FALSE,100392,100393,0.7124,0.2839,"",1.97111096876724e-174
V110,pass,0.5193,0.5126,-0.0068,0.5154,0.5232,0.5095,0.5157,0.0387,0.025,0.119,0.0422,0.8,0,0.00800917103163043,FALSE,100392,100393,0,7e-04,"",0.00888322310412462
V111,pass,0.522,0.514,-0.0079,0.5179,0.526,0.5111,0.5169,0.0439,0.0283,0.1755,0.0888,1,0,0.00168405331633745,FALSE,100392,100393,0,7e-04,"",0.00196407154926475
V112,pass,0.5234,0.5137,-0.0097,0.5193,0.5276,0.5107,0.5167,0.0469,0.0268,0.1697,0.0645,1,0,0.000213259377152619,FALSE,100392,100393,0,7e-04,"",0.000258401873046239
V113,pass,0.5228,0.514,-0.0088,0.5187,0.5269,0.511,0.5169,0.0456,0.0278,0.1767,0.0781,1,0,0.000603324562208779,FALSE,100392,100393,0,7e-04,"",0.000715370552333266
V114,pass,0.5199,0.521,0.0011,0.5159,0.5239,0.5173,0.5248,0.0398,0.0424,0.103,0.08,0.6,0,0.692183501966245,FALSE,100392,100393,0,7e-04,"",0.703484457100388
V115,pass,0.5213,0.5161,-0.0052,0.5167,0.5258,0.5117,0.5205,0.0426,0.0316,0.0739,0.0297,0.7,0,0.107980149813996,FALSE,100392,100393,0,7e-04,"",0.114170094707792
V116,pass,0.5202,0.5207,6e-04,0.516,0.5244,0.5167,0.5248,0.0404,0.0414,0.0923,0.0586,0.6,0,0.85221359697583,FALSE,100392,100393,0,7e-04,"",0.857378527866593
V117,pass,0.5059,0.5022,-0.0036,0.5037,0.508,0.5009,0.5036,0.0117,0.0047,0.0353,0.0106,,0,0.00501463074346042,FALSE,100392,100393,0,7e-04,"",0.00563721469580878
V118,pass,0.5059,0.502,-0.004,0.5037,0.5081,0.5006,0.5033,0.0118,0.0032,0.0323,0.0047,,0,0.00245799598091078,FALSE,100392,100393,0,7e-04,"",0.00282697921130154
V119,pass,0.506,0.5022,-0.0038,0.5038,0.5082,0.5009,0.5036,0.012,0.0043,0.0355,0.0085,,0,0.00382331086597688,FALSE,100392,100393,0,7e-04,"",0.00432446012844537
V121,pass,0.5067,0.5015,-0.0052,0.5043,0.5091,0.4998,0.5032,0.0133,0.0022,0.0332,0.0017,1,0,0.000525885063350079,FALSE,100392,100393,0,7e-04,"",0.000629545099875816
V122,pass,0.5071,0.5015,-0.0056,0.5047,0.5095,0.5001,0.503,0.0143,0.0029,0.042,0.0031,,0,8.65273007618352e-05,FALSE,100392,100393,0,7e-04,"",0.000107726489448485
V123,pass,0.5419,0.5385,-0.0035,0.536,0.5479,0.5333,0.5437,0.0839,0.0773,0.2242,0.1449,0.7857,0,0.390411407857774,FALSE,100392,100393,0,7e-04,"",0.402535985741556
V125,pass,0.5427,0.5311,-0.0116,0.5365,0.549,0.5256,0.5366,0.0855,0.0621,0.2088,0.0819,0.9286,0,0.00627907634924162,FALSE,100392,100393,0,7e-04,"",0.00702692139757827
V126,pass,0.5682,0.5466,-0.0216,0.56,0.5765,0.5397,0.5535,0.1751,0.1305,0.1427,0.0645,,0,8.00927276203279e-05,TRUE,100392,100393,0,7e-04,"",9.9965359285522e-05
V128,pass,0.5894,0.5576,-0.0318,0.5798,0.5991,0.5492,0.5661,0.1857,0.117,0.1623,0.0607,1,0,1.16500252803064e-06,TRUE,100392,100393,0,7e-04,"",1.5471233572247e-06
V131,pass,0.5297,0.5035,-0.0262,0.5226,0.5368,0.4971,0.5098,0.0562,-0.0041,0.0328,0.0012,,0,7.18514536539527e-08,TRUE,100392,100393,0,7e-04,"",9.99497874851074e-08
V169,pass,0.5672,0.6863,0.1191,0.5571,0.5773,0.6778,0.6947,0.0547,0.0372,0.1008,0.7041,0.5716,0,7.68736946677564e-70,FALSE,100392,100393,0.6035,0.7986,"",3.90643876985129e-69
V173,pass,0.5636,0.6856,0.122,0.5538,0.5734,0.6772,0.694,-0.0074,-0.0129,0.0694,0.6307,1,0,3.27707963658942e-76,FALSE,100392,100393,0.6035,0.7983,"",2.29857135073455e-75
V174,pass,0.5659,0.6827,0.1168,0.5558,0.576,0.6743,0.6911,0.0393,-0.0554,0.0735,0.6406,0.7143,0,4.09767782285253e-68,FALSE,100392,100393,0.6035,0.7986,"",1.96215726517361e-67
V184,pass,0.5753,0.6916,0.1162,0.5648,0.5859,0.6829,0.7002,0.1348,0.1425,0.1508,0.7322,0.3576,0,8.8784771041219e-63,FALSE,100392,100393,0.6035,0.7986,"",3.65411702301877e-62
V188,pass,0.5616,0.6864,0.1248,0.5517,0.5715,0.6779,0.6948,0.2856,0.3133,0.0615,0.6307,1,0,6.07402394573933e-79,FALSE,100392,100393,0.6035,0.7986,"",5.93110573525135e-78
V189,pass,0.5617,0.6867,0.125,0.5519,0.5716,0.6783,0.6952,0.3076,0.3496,0.0615,0.6344,1,0,3.76563533401085e-79,FALSE,100392,100393,0.6035,0.7986,"",3.98997105603703e-78
V192,pass,0.5788,0.6936,0.1148,0.5683,0.5894,0.6849,0.7023,0.1486,0.1678,0.3212,0.8585,0.9273,0,5.72985975921312e-61,FALSE,100392,100393,0.6035,0.7983,"",2.16171981824859e-60
V193,pass,0.5773,0.6928,0.1155,0.5668,0.5878,0.6841,0.7014,0.1338,0.1518,0.2832,0.8474,0.9524,0,3.21155758320792e-62,FALSE,100392,100393,0.6035,0.7983,"",1.27948454115004e-61
V194,pass,0.574,0.6907,0.1167,0.5636,0.5845,0.6821,0.6994,0.1103,0.1699,0.3079,0.9225,0.7857,0,6.28396502552917e-64,FALSE,100392,100393,0.6035,0.7986,"",2.79412016313708e-63
V195,pass,0.576,0.6911,0.1152,0.5655,0.5865,0.6825,0.6998,0.1304,0.1888,0.3547,0.9282,0.9152,0,1.46658585686943e-61,FALSE,100392,100393,0.6035,0.7986,"",5.66170354047268e-61
V197,pass,0.5799,0.6876,0.1078,0.5692,0.5906,0.6791,0.6962,0.1626,0.1207,0.4062,0.8357,0.9,0,1.19533694645647e-53,FALSE,100392,100393,0.6035,0.7986,"",3.74388553041083e-53
V198,pass,0.5617,0.6867,0.125,0.5519,0.5716,0.6783,0.6952,0.1739,0.1282,0.0615,0.6344,1,0,3.76563533401085e-79,FALSE,100392,100393,0.6035,0.7986,"",3.98997105603703e-78
V200,pass,0.5616,0.6864,0.1248,0.5517,0.5715,0.6779,0.6948,0.3556,0.4287,0.0615,0.6307,1,0,6.07402394573933e-79,FALSE,100392,100393,0.6035,0.7986,"",5.93110573525135e-78
V201,pass,0.5617,0.6867,0.125,0.5519,0.5716,0.6783,0.6952,0.3666,0.4748,0.0615,0.6344,1,0,3.76563533401085e-79,FALSE,100392,100393,0.6035,0.7986,"",3.98997105603703e-78
V202,pass,0.581,0.6917,0.1107,0.5702,0.5918,0.683,0.7003,0.3307,0.261,0.1809,0.6638,1,0,1.56061399504306e-55,FALSE,100392,100393,0.6035,0.7983,"",5.11306427323319e-55
V220,pass,0.559,0.6874,0.1285,0.5488,0.5691,0.679,0.6959,0.0574,0.0365,0.0899,0.6706,0.3735,0,7.09816798705966e-81,FALSE,100392,100393,0.5947,0.7961,"",8.83721914388927e-80
V223,pass,0.5532,0.6779,0.1247,0.5433,0.5632,0.6695,0.6864,0.0155,0.0025,0.0524,0.6133,0.9429,0,3.39270951507848e-78,FALSE,100392,100393,0.6154,0.8228,"",2.81594889751514e-77
V224,pass,0.5561,0.6761,0.12,0.5458,0.5663,0.6676,0.6846,0.067,0.024,0.0576,0.589,1,0,5.6634962478562e-70,FALSE,100392,100393,0.6154,0.8228,"",2.90765065096123e-69
V234,pass,0.5679,0.6908,0.1229,0.5573,0.5785,0.6822,0.6994,0.1424,0.0785,0.1114,0.6469,1,0,1.90533778226612e-69,FALSE,100392,100393,0.5947,0.7961,"",9.48858215568528e-69
V237,pass,0.5634,0.6801,0.1167,0.5529,0.5739,0.6715,0.6888,0.1467,0.128,0.1307,0.6608,0.2148,0,3.32657213280158e-63,FALSE,100392,100393,0.6154,0.8228,"",1.39212850599596e-62
V238,pass,0.5664,0.6917,0.1254,0.5558,0.5769,0.6831,0.7003,0.129,0.1177,0.1428,0.7142,0.3814,0,5.08497630931173e-73,FALSE,100392,100393,0.5947,0.7961,"",3.37642426938299e-72
V239,pass,0.5686,0.6934,0.1248,0.558,0.5792,0.6848,0.7021,0.1511,0.1479,0.1658,0.7338,0.523,0,2.62978652557664e-71,FALSE,100392,100393,0.5947,0.7961,"",1.47149852779457e-70
V241,pass,0.5497,0.6749,0.1251,0.5399,0.5595,0.6664,0.6833,-3e-04,0.0016,0.0417,0.5895,1,0,2.24242591707654e-80,FALSE,100392,100393,0.6154,0.8228,"",2.72372708952224e-79
V245,pass,0.5577,0.6846,0.1269,0.5475,0.5679,0.6762,0.6931,0.2139,0.1671,0.0517,0.6283,0.5,0,1.64429195618214e-78,FALSE,100392,100393,0.5947,0.7961,"",1.38789388843849e-77
V247,pass,0.5639,0.6806,0.1167,0.5534,0.5744,0.672,0.6892,0.1531,0.1366,0.2928,0.8026,0.549,0,1.6442692920677e-63,FALSE,100392,100393,0.6154,0.8228,"",7.12040093434535e-63
V248,pass,0.5689,0.6821,0.1133,0.5582,0.5796,0.6734,0.6908,0.2013,0.1728,0.2991,0.7634,0.7912,0,3.10725633722356e-58,FALSE,100392,100393,0.6154,0.8228,"",1.08210745170443e-57
V249,pass,0.5665,0.6816,0.1151,0.5559,0.5771,0.6729,0.6903,0.1778,0.1603,0.3025,0.7916,0.7611,0,7.70276521851499e-61,FALSE,100392,100393,0.6154,0.8228,"",2.88419329234621e-60
V250,pass,0.5577,0.6846,0.1269,0.5475,0.5679,0.6762,0.6931,0.0578,0.0697,0.0517,0.6283,0.5,0,1.64429195618214e-78,FALSE,100392,100393,0.5947,0.7961,"",1.38789388843849e-77
V251,pass,0.5577,0.6846,0.127,0.5475,0.5679,0.6762,0.6931,0.0802,0.0881,0.0516,0.6283,0.5,0,1.38236993492497e-78,FALSE,100392,100393,0.5947,0.7961,"",1.25167314107751e-77
V252,pass,0.5675,0.6784,0.111,0.5568,0.5782,0.6699,0.687,0.1922,0.0861,0.3298,0.7463,0.5574,0,7.11834883276719e-57,FALSE,100392,100393,0.6154,0.8228,"",2.41152225763133e-56
V254,pass,0.5701,0.6786,0.1085,0.5593,0.5809,0.67,0.6872,0.2204,0.0901,0.3247,0.7147,0.3573,0,1.18299595011446e-53,FALSE,100392,100393,0.6154,0.8228,"",3.72868343770254e-53
V255,pass,0.5577,0.6846,0.1269,0.5475,0.5679,0.6762,0.6931,0.0977,0.0607,0.0517,0.6283,0.5,0,1.64429195618214e-78,FALSE,100392,100393,0.5947,0.7961,"",1.38789388843849e-77
V256,pass,0.5577,0.6846,0.127,0.5475,0.5679,0.6762,0.6931,0.1159,0.063,0.0516,0.6283,0.5,0,1.38236993492497e-78,FALSE,100392,100393,0.5947,0.7961,"",1.25167314107751e-77
V259,pass,0.5577,0.6846,0.1269,0.5475,0.5679,0.6762,0.6931,0.2456,0.2287,0.0517,0.6283,0.5,0,1.64429195618214e-78,FALSE,100392,100393,0.5947,0.7961,"",1.38789388843849e-77
V260,pass,0.5613,0.6781,0.1168,0.5509,0.5718,0.6695,0.6867,0.0739,0.0723,0.1455,0.6206,0.5714,0,2.27167179684708e-64,FALSE,100392,100393,0.6154,0.8228,"",1.02844777711804e-63
V261,pass,0.5513,0.6747,0.1234,0.5414,0.5612,0.6662,0.6831,0.1537,0.115,0.0426,0.587,0.5,0,8.87262156681948e-77,FALSE,100392,100393,0.6154,0.8228,"",6.5948739407106e-76
V262,pass,0.5515,0.6746,0.123,0.5416,0.5615,0.6661,0.683,0.1291,0.1056,0.0432,0.5871,0.5,0,3.0540731303569e-76,FALSE,100392,100393,0.6154,0.8228,"",2.1727548841682e-75
V267,pass,0.5553,0.6755,0.1202,0.5451,0.5654,0.667,0.684,0.0679,0.0243,0.0548,0.5877,1,0,9.84269049504208e-71,FALSE,100392,100393,0.6154,0.8228,"",5.38643941377028e-70
V279,pass,0.5873,0.5668,-0.0205,0.5782,0.5964,0.5589,0.5747,0.1787,0.1317,0.1752,0.0971,,0,0.000857338458050098,TRUE,100392,100393,1e-04,0,"",0.00100696828327582
V280,pass,0.6131,0.5718,-0.0413,0.6028,0.6233,0.5629,0.5806,0.2319,0.1434,0.2371,0.0873,1,0,2.13642385069276e-09,TRUE,100392,100393,1e-04,0,"",3.16648535013391e-09
V282,pass,0.5954,0.6434,0.048,0.5852,0.6055,0.6351,0.6516,0.1918,0.2878,0.1649,0.3187,1,0,5.82863565859206e-13,FALSE,100392,100393,0,4e-04,"",9.51691986222573e-13
V284,pass,0.5311,0.5155,-0.0156,0.5246,0.5376,0.5102,0.5209,0.0614,0.0308,0.048,0.0141,0.8286,0,0.000284355481450623,FALSE,100392,100393,1e-04,0,"",0.000342879006688645
V287,pass,0.5559,0.5086,-0.0473,0.5471,0.5647,0.5012,0.516,0.1146,0.0191,0.074,0.0021,,0,6.45382409947893e-16,TRUE,100392,100393,1e-04,0,"",1.09692982987731e-15
V288,pass,0.5408,0.5103,-0.0305,0.5328,0.5489,0.5033,0.5172,0.0815,0.02,0.0536,0.0114,0.4,0,1.70682456946306e-08,TRUE,100392,100393,0,4e-04,"",2.42856753026458e-08
V290,pass,0.5482,0.5403,-0.0079,0.5413,0.5551,0.5343,0.5463,0.0957,0.0806,0.131,0.0767,0.8696,0,0.0907309619962574,FALSE,100392,100393,1e-04,0,"",0.0967537881673152
V291,pass,0.5773,0.5447,-0.0326,0.5681,0.5866,0.5369,0.5525,0.165,0.1028,0.1263,0.042,,0,1.31555420881382e-07,TRUE,100392,100393,1e-04,0,"",1.80979556903117e-07
V292,pass,0.5768,0.5554,-0.0214,0.5684,0.5852,0.5483,0.5625,0.1573,0.1145,0.1748,0.0887,,0,0.000142383839960944,TRUE,100392,100393,1e-04,0,"",0.000174648158375739
V294,pass,0.6217,0.5949,-0.0268,0.6124,0.631,0.587,0.6028,0.2507,0.1868,0.367,0.2185,,0,1.52591327216267e-05,TRUE,100392,100393,1e-04,0,"",1.96866530968137e-05
V302,pass,0.5726,0.6849,0.1123,0.5625,0.5828,0.6765,0.6933,0.1447,0.3698,0.1232,0.636,0.3473,0,1.49618650498722e-62,FALSE,100392,100393,1e-04,0,"",6.10738425806257e-62
V303,pass,0.5675,0.689,0.1215,0.5577,0.5773,0.6806,0.6974,0.1657,0.3747,0.0745,0.6518,,0,2.19340731257709e-76,FALSE,100392,100393,1e-04,0,"",1.60634829656381e-75
V306,pass,0.5596,0.5447,-0.0149,0.5516,0.5676,0.5379,0.5516,0.1775,0.1307,0.1129,0.0598,,0,0.00581031812395509,FALSE,100392,100393,1e-04,0,"",0.00651697843632801
V308,pass,0.5993,0.5633,-0.0361,0.5896,0.6091,0.5548,0.5718,0.226,0.1427,0.1968,0.0799,1,0,5.02812577680434e-08,TRUE,100392,100393,1e-04,0,"",7.05353982210862e-08
V312,pass,0.5447,0.5174,-0.0273,0.5371,0.5523,0.5109,0.524,0.1172,0.0228,0.0679,0.0094,,0,9.59694950188633e-08,TRUE,100392,100393,1e-04,0,"",1.32757801442761e-07
V313,pass,0.5407,0.5107,-0.0301,0.5333,0.5482,0.5043,0.517,0.0843,0.0256,0.0576,0.0052,,0,1.77772457897556e-09,TRUE,100392,100393,0,4e-04,"",2.65061928242464e-09
V314,pass,0.5381,0.5111,-0.027,0.5307,0.5455,0.5048,0.5175,0.093,0.0156,0.0512,0.0055,,0,5.78575345551226e-08,TRUE,100392,100393,0,4e-04,"",8.07088297155491e-08
V315,pass,0.5383,0.5103,-0.028,0.5309,0.5457,0.504,0.5166,0.0924,0.0256,0.0517,0.005,,0,1.51588906461043e-08,TRUE,100392,100393,0,4e-04,"",2.16307379420055e-08
V317,pass,0.6093,0.5768,-0.0325,0.6003,0.6183,0.5693,0.5843,0.248,0.1871,0.3226,0.1586,,0,5.44920693679222e-08,TRUE,100392,100393,1e-04,0,"",7.62276700708575e-08
V35,pass,0.574,0.5798,0.0058,0.5632,0.5848,0.5695,0.5901,-0.1507,-0.2985,0.0958,0.2773,0.8,0,0.446100832421531,FALSE,100392,100393,0.4617,0.2464,"",0.457115667789964
V37,pass,0.548,0.4951,-0.0529,0.5385,0.5574,0.4877,0.5025,0.16,0.2267,0.0382,9e-04,0.5,0,6.13550455326542e-18,TRUE,100392,100393,0.4617,0.2464,"",1.07209869036006e-17
V38,pass,0.548,0.4951,-0.0529,0.5385,0.5574,0.4877,0.5025,0.2269,0.2741,0.0382,9e-04,0.5,0,6.13550455326542e-18,TRUE,100392,100393,0.4617,0.2464,"",1.07209869036006e-17
V39,pass,0.6105,0.702,0.0915,0.5991,0.6219,0.6928,0.7112,0.3102,0.4338,0.2782,0.6952,1,0,1.76714685372095e-34,FALSE,100392,100393,0.4617,0.2464,"",3.76085099638048e-34
V40,pass,0.6132,0.7019,0.0887,0.6018,0.6246,0.6927,0.7111,0.3254,0.4365,0.287,0.6944,1,0,1.54477884576988e-32,FALSE,100392,100393,0.4617,0.2464,"",3.2188278878385e-32
V41,pass,0.548,0.495,-0.053,0.5385,0.5574,0.4876,0.5024,0.0012,4e-04,0.0388,0.0012,0.5,0,5.79524625387308e-18,TRUE,100392,100393,0.4617,0.2464,"",1.019799517466e-17
V43,pass,0.6049,0.7002,0.0952,0.5934,0.6165,0.6909,0.7094,0.2973,0.4251,0.319,0.6968,0.9762,0,1.93472772285172e-36,FALSE,100392,100393,0.4617,0.2464,"",4.2258526578077e-36
V47,pass,0.5721,0.5297,-0.0425,0.5615,0.5827,0.5207,0.5386,0.1439,0.1239,0.2637,0.2071,0.8571,0,2.18729000676186e-09,TRUE,100392,100393,0.4617,0.2464,"",3.23225644916145e-09
V48,pass,0.65,0.6515,0.0015,0.6413,0.6587,0.6449,0.6581,-0.2931,-0.3282,0.4099,0.5518,0.9,0,0.781054688530634,FALSE,100392,100393,0.4617,0.2464,"",0.788976135675975
V5,pass,0.5595,0.6676,0.108,0.552,0.5671,0.659,0.6761,0.1169,0.0386,0.0888,0.5448,0.6429,0,2.61550628381e-76,FALSE,100392,100393,0.7124,0.2839,"",1.88771323092374e-75
V50,pass,0.6267,0.7026,0.0759,0.6154,0.638,0.6935,0.7117,0.3282,0.4285,0.3236,0.6876,0.9429,0,1.20884859495615e-24,FALSE,100392,100393,0.4617,0.2464,"",2.35158828237563e-24
V51,pass,0.6398,0.7026,0.0628,0.6284,0.6512,0.6934,0.7118,0.3749,0.4325,0.4411,0.7298,0.8286,0,4.47378548631671e-17,FALSE,100392,100393,0.4617,0.2464,"",7.79001808456546e-17
V52,pass,0.6411,0.7038,0.0627,0.6296,0.6525,0.6946,0.713,0.3822,0.4372,0.496,0.764,0.8571,0,5.92580142352561e-17,FALSE,100392,100393,0.4617,0.2464,"",1.02824010763615e-16
V95,pass,0.587,0.5683,-0.0187,0.578,0.5959,0.5606,0.576,0.1789,0.135,0.1882,0.1111,,0,0.0018960478900258,FALSE,100392,100393,0,7e-04,"",0.00219588802147174
V97,pass,0.589,0.5573,-0.0317,0.5795,0.5984,0.5491,0.5655,0.1908,0.1212,0.1594,0.0608,,0,7.22598981311797e-07,TRUE,100392,100393,0,7e-04,"",9.64756816872051e-07
V98,pass,0.52,0.5086,-0.0115,0.5145,0.5255,0.504,0.5132,0.04,0.0161,0.0281,0.0074,0.7714,0,0.00174798875592675,FALSE,100392,100393,0,7e-04,"",0.0020338747674101
V99,pass,0.5076,0.5667,0.0591,0.4994,0.5159,0.5592,0.5742,-0.0109,-0.1276,0.0025,0.0818,1,0,2.36466851666832e-25,FALSE,100392,100393,0,7e-04,"",4.61805851490518e-25
addr2,pass,0.6436,0.6565,0.013,0.634,0.6531,0.6483,0.6648,-0.1093,0.008,0.4829,0.5959,0.5,0,0.0439430812979238,FALSE,100392,100393,0.0908,0.1037,"",0.0473672175029568
card2,pass,0.613,0.5713,-0.0417,0.6022,0.6238,0.5615,0.5811,-0.0513,0.0216,0.1652,0.1289,0.7091,0,1.9543623979938e-08,TRUE,100392,100393,0.0135,0.0171,"",2.77285605185445e-08
card_amt_deviation_24h,pass,0.6077,0.5692,-0.0385,0.597,0.6183,0.5595,0.5789,0.1732,0.1079,0.1589,0.0895,0.7636,0,1.54227211913386e-07,TRUE,100392,100393,0.2035,0.2218,"",2.10425072692784e-07
card_txn_amt_sum_24h,pass,0.5766,0.56,-0.0166,0.5656,0.5875,0.5506,0.5693,-0.0909,-0.1197,0.0766,0.0748,0.7,0,0.0239238698082956,FALSE,100392,100393,0.2035,0.2218,"",0.0260132907522515
card_txn_count_24h,pass,0.5585,0.5384,-0.0201,0.5475,0.5695,0.529,0.5478,0.0607,0.0351,0.0446,0.0324,0.5476,0,0.00633787073448004,TRUE,100392,100393,0,0,"",0.00707681530441942
client_m8_mean_prior,pass,0.506,0.5919,0.086,0.5001,0.5119,0.5831,0.6007,0.0151,-0.1148,0.0017,0.1834,0.5,0,8.74115969049306e-57,FALSE,100392,100393,0.8871,0.4692,"",2.94128211207131e-56
client_txn_count_24h,pass,0.6673,0.7099,0.0426,0.6567,0.678,0.7008,0.7189,0.1917,0.1918,0.4427,0.7251,1,0,2.44900807219251e-09,FALSE,100392,100393,0.0908,0.1041,"",3.59765787596423e-09
dist1,pass,0.5577,0.6097,0.0519,0.5501,0.5653,0.6021,0.6172,0.0968,0.0465,0.0912,0.252,0.3636,0,1.63441785874617e-21,FALSE,100392,100393,0.697,0.5534,"",3.05992516411878e-21
dist2,pass,0.558,0.5661,0.0082,0.5502,0.5658,0.5597,0.5725,0.0806,-0.0539,0.1377,0.2272,0.4303,0,0.112715811027019,FALSE,100392,100393,0.9174,0.9521,"",0.11867330632443
id_01,pass,0.5954,0.6969,0.1015,0.5844,0.6064,0.6882,0.7056,-0.1848,-0.2061,0.1933,0.6963,0.9,0,1.65139345542057e-45,FALSE,100392,100393,0.5849,0.7932,"",4.11196970399723e-45
id_03,pass,0.5793,0.6379,0.0586,0.5701,0.5886,0.6298,0.6461,-0.0081,0.0739,0.1339,0.4741,1,0,1.11573513547191e-20,FALSE,100392,100393,0.8141,0.8929,"",2.05791147209264e-20
id_05,pass,0.5856,0.6841,0.0985,0.575,0.5961,0.6755,0.6927,0.0096,-0.0012,0.1253,0.6141,0.9429,0,1.57011744489467e-45,FALSE,100392,100393,0.6087,0.8054,"",3.92923863094244e-45
id_06,pass,0.5874,0.6831,0.0958,0.5768,0.598,0.6745,0.6917,-0.1343,-0.0943,0.1283,0.6092,0.9,0,4.78528535796076e-43,FALSE,100392,100393,0.6087,0.8054,"",1.12409061710588e-42
id_09,pass,0.5824,0.6479,0.0655,0.5729,0.5919,0.6397,0.6562,0.0051,0.0833,0.1332,0.5151,0.5,0,1.45099667359631e-24,FALSE,100392,100393,0.7826,0.8839,"",2.8116589239337e-24
id_12,pass,0.5729,0.6937,0.1208,0.5629,0.5829,0.6851,0.7023,,,0.0827,0.6715,1,0,4.23957765884402e-72,FALSE,100392,100393,0.5849,0.7932,"",2.63913709263041e-71
id_13,pass,0.5842,0.6865,0.1023,0.5736,0.5948,0.6779,0.6951,-0.1138,-0.0627,0.1629,0.6344,0.1,0,4.80090373739267e-49,FALSE,100392,100393,0.6601,0.8069,"",1.30647544329046e-48
id_27,pass,0.5022,0.5081,0.0059,0.4995,0.505,0.5056,0.5107,,,0.0023,0.0206,1,0,0.00204564927889159,FALSE,100392,100393,0.9837,0.9925,"",0.00236365044289562
id_37,pass,0.576,0.6866,0.1106,0.5659,0.5861,0.6781,0.6951,0.0167,0.0254,0.0904,0.6301,1,0,8.63154825076313e-61,FALSE,100392,100393,0.5953,0.7982,"",3.20784405140301e-60
